[2025-01-13T12:43:48.342+0000] {processor.py:153} INFO - Started process (PID=178) to work on /opt/airflow/dags/data_lake_pipeline.py
[2025-01-13T12:43:48.346+0000] {processor.py:743} INFO - Processing file /opt/airflow/dags/data_lake_pipeline.py for tasks to queue
[2025-01-13T12:43:48.351+0000] {logging_mixin.py:137} INFO - [2025-01-13T12:43:48.350+0000] {dagbag.py:538} INFO - Filling up the DagBag from /opt/airflow/dags/data_lake_pipeline.py
[2025-01-13T12:43:52.837+0000] {logging_mixin.py:137} INFO - [2025-01-13T12:43:52.811+0000] {dagbag.py:343} ERROR - Failed to import: /opt/airflow/dags/data_lake_pipeline.py
Traceback (most recent call last):
  File "/home/airflow/.local/lib/python3.7/site-packages/airflow/models/dagbag.py", line 339, in parse
    loader.exec_module(new_module)
  File "<frozen importlib._bootstrap_external>", line 728, in exec_module
  File "<frozen importlib._bootstrap>", line 219, in _call_with_frames_removed
  File "/opt/airflow/dags/data_lake_pipeline.py", line 6, in <module>
    import pymongo
ModuleNotFoundError: No module named 'pymongo'
[2025-01-13T12:43:52.839+0000] {processor.py:755} WARNING - No viable dags retrieved from /opt/airflow/dags/data_lake_pipeline.py
[2025-01-13T12:43:52.988+0000] {processor.py:175} INFO - Processing /opt/airflow/dags/data_lake_pipeline.py took 4.662 seconds
[2025-01-13T12:44:23.294+0000] {processor.py:153} INFO - Started process (PID=183) to work on /opt/airflow/dags/data_lake_pipeline.py
[2025-01-13T12:44:23.299+0000] {processor.py:743} INFO - Processing file /opt/airflow/dags/data_lake_pipeline.py for tasks to queue
[2025-01-13T12:44:23.304+0000] {logging_mixin.py:137} INFO - [2025-01-13T12:44:23.303+0000] {dagbag.py:538} INFO - Filling up the DagBag from /opt/airflow/dags/data_lake_pipeline.py
[2025-01-13T12:44:23.616+0000] {logging_mixin.py:137} INFO - [2025-01-13T12:44:23.613+0000] {dagbag.py:343} ERROR - Failed to import: /opt/airflow/dags/data_lake_pipeline.py
Traceback (most recent call last):
  File "/home/airflow/.local/lib/python3.7/site-packages/airflow/models/dagbag.py", line 339, in parse
    loader.exec_module(new_module)
  File "<frozen importlib._bootstrap_external>", line 728, in exec_module
  File "<frozen importlib._bootstrap>", line 219, in _call_with_frames_removed
  File "/opt/airflow/dags/data_lake_pipeline.py", line 6, in <module>
    import pymongo
ModuleNotFoundError: No module named 'pymongo'
[2025-01-13T12:44:23.617+0000] {processor.py:755} WARNING - No viable dags retrieved from /opt/airflow/dags/data_lake_pipeline.py
[2025-01-13T12:44:23.686+0000] {processor.py:175} INFO - Processing /opt/airflow/dags/data_lake_pipeline.py took 0.405 seconds
[2025-01-13T12:44:53.952+0000] {processor.py:153} INFO - Started process (PID=188) to work on /opt/airflow/dags/data_lake_pipeline.py
[2025-01-13T12:44:53.953+0000] {processor.py:743} INFO - Processing file /opt/airflow/dags/data_lake_pipeline.py for tasks to queue
[2025-01-13T12:44:53.954+0000] {logging_mixin.py:137} INFO - [2025-01-13T12:44:53.953+0000] {dagbag.py:538} INFO - Filling up the DagBag from /opt/airflow/dags/data_lake_pipeline.py
[2025-01-13T12:44:54.185+0000] {logging_mixin.py:137} INFO - [2025-01-13T12:44:54.184+0000] {dagbag.py:343} ERROR - Failed to import: /opt/airflow/dags/data_lake_pipeline.py
Traceback (most recent call last):
  File "/home/airflow/.local/lib/python3.7/site-packages/airflow/models/dagbag.py", line 339, in parse
    loader.exec_module(new_module)
  File "<frozen importlib._bootstrap_external>", line 728, in exec_module
  File "<frozen importlib._bootstrap>", line 219, in _call_with_frames_removed
  File "/opt/airflow/dags/data_lake_pipeline.py", line 6, in <module>
    import pymongo
ModuleNotFoundError: No module named 'pymongo'
[2025-01-13T12:44:54.186+0000] {processor.py:755} WARNING - No viable dags retrieved from /opt/airflow/dags/data_lake_pipeline.py
[2025-01-13T12:44:54.220+0000] {processor.py:175} INFO - Processing /opt/airflow/dags/data_lake_pipeline.py took 0.281 seconds
[2025-01-13T12:45:24.379+0000] {processor.py:153} INFO - Started process (PID=193) to work on /opt/airflow/dags/data_lake_pipeline.py
[2025-01-13T12:45:24.381+0000] {processor.py:743} INFO - Processing file /opt/airflow/dags/data_lake_pipeline.py for tasks to queue
[2025-01-13T12:45:24.382+0000] {logging_mixin.py:137} INFO - [2025-01-13T12:45:24.382+0000] {dagbag.py:538} INFO - Filling up the DagBag from /opt/airflow/dags/data_lake_pipeline.py
[2025-01-13T12:45:24.502+0000] {logging_mixin.py:137} INFO - [2025-01-13T12:45:24.493+0000] {dagbag.py:343} ERROR - Failed to import: /opt/airflow/dags/data_lake_pipeline.py
Traceback (most recent call last):
  File "/home/airflow/.local/lib/python3.7/site-packages/airflow/models/dagbag.py", line 339, in parse
    loader.exec_module(new_module)
  File "<frozen importlib._bootstrap_external>", line 728, in exec_module
  File "<frozen importlib._bootstrap>", line 219, in _call_with_frames_removed
  File "/opt/airflow/dags/data_lake_pipeline.py", line 6, in <module>
    import pymongo
ModuleNotFoundError: No module named 'pymongo'
[2025-01-13T12:45:24.504+0000] {processor.py:755} WARNING - No viable dags retrieved from /opt/airflow/dags/data_lake_pipeline.py
[2025-01-13T12:45:24.552+0000] {processor.py:175} INFO - Processing /opt/airflow/dags/data_lake_pipeline.py took 0.177 seconds
[2025-01-13T12:45:54.722+0000] {processor.py:153} INFO - Started process (PID=198) to work on /opt/airflow/dags/data_lake_pipeline.py
[2025-01-13T12:45:54.722+0000] {processor.py:743} INFO - Processing file /opt/airflow/dags/data_lake_pipeline.py for tasks to queue
[2025-01-13T12:45:54.723+0000] {logging_mixin.py:137} INFO - [2025-01-13T12:45:54.723+0000] {dagbag.py:538} INFO - Filling up the DagBag from /opt/airflow/dags/data_lake_pipeline.py
[2025-01-13T12:45:54.799+0000] {logging_mixin.py:137} INFO - [2025-01-13T12:45:54.798+0000] {dagbag.py:343} ERROR - Failed to import: /opt/airflow/dags/data_lake_pipeline.py
Traceback (most recent call last):
  File "/home/airflow/.local/lib/python3.7/site-packages/airflow/models/dagbag.py", line 339, in parse
    loader.exec_module(new_module)
  File "<frozen importlib._bootstrap_external>", line 728, in exec_module
  File "<frozen importlib._bootstrap>", line 219, in _call_with_frames_removed
  File "/opt/airflow/dags/data_lake_pipeline.py", line 6, in <module>
    import pymongo
ModuleNotFoundError: No module named 'pymongo'
[2025-01-13T12:45:54.799+0000] {processor.py:755} WARNING - No viable dags retrieved from /opt/airflow/dags/data_lake_pipeline.py
[2025-01-13T12:45:54.820+0000] {processor.py:175} INFO - Processing /opt/airflow/dags/data_lake_pipeline.py took 0.103 seconds
[2025-01-13T12:46:24.926+0000] {processor.py:153} INFO - Started process (PID=203) to work on /opt/airflow/dags/data_lake_pipeline.py
[2025-01-13T12:46:24.930+0000] {processor.py:743} INFO - Processing file /opt/airflow/dags/data_lake_pipeline.py for tasks to queue
[2025-01-13T12:46:24.932+0000] {logging_mixin.py:137} INFO - [2025-01-13T12:46:24.931+0000] {dagbag.py:538} INFO - Filling up the DagBag from /opt/airflow/dags/data_lake_pipeline.py
[2025-01-13T12:46:25.143+0000] {logging_mixin.py:137} INFO - [2025-01-13T12:46:25.142+0000] {dagbag.py:343} ERROR - Failed to import: /opt/airflow/dags/data_lake_pipeline.py
Traceback (most recent call last):
  File "/home/airflow/.local/lib/python3.7/site-packages/airflow/models/dagbag.py", line 339, in parse
    loader.exec_module(new_module)
  File "<frozen importlib._bootstrap_external>", line 728, in exec_module
  File "<frozen importlib._bootstrap>", line 219, in _call_with_frames_removed
  File "/opt/airflow/dags/data_lake_pipeline.py", line 6, in <module>
    import pymongo
ModuleNotFoundError: No module named 'pymongo'
[2025-01-13T12:46:25.144+0000] {processor.py:755} WARNING - No viable dags retrieved from /opt/airflow/dags/data_lake_pipeline.py
[2025-01-13T12:46:25.192+0000] {processor.py:175} INFO - Processing /opt/airflow/dags/data_lake_pipeline.py took 0.274 seconds
[2025-01-13T12:46:55.260+0000] {processor.py:153} INFO - Started process (PID=208) to work on /opt/airflow/dags/data_lake_pipeline.py
[2025-01-13T12:46:55.262+0000] {processor.py:743} INFO - Processing file /opt/airflow/dags/data_lake_pipeline.py for tasks to queue
[2025-01-13T12:46:55.265+0000] {logging_mixin.py:137} INFO - [2025-01-13T12:46:55.264+0000] {dagbag.py:538} INFO - Filling up the DagBag from /opt/airflow/dags/data_lake_pipeline.py
[2025-01-13T12:46:55.577+0000] {logging_mixin.py:137} INFO - [2025-01-13T12:46:55.574+0000] {dagbag.py:343} ERROR - Failed to import: /opt/airflow/dags/data_lake_pipeline.py
Traceback (most recent call last):
  File "/home/airflow/.local/lib/python3.7/site-packages/airflow/models/dagbag.py", line 339, in parse
    loader.exec_module(new_module)
  File "<frozen importlib._bootstrap_external>", line 728, in exec_module
  File "<frozen importlib._bootstrap>", line 219, in _call_with_frames_removed
  File "/opt/airflow/dags/data_lake_pipeline.py", line 6, in <module>
    import pymongo
ModuleNotFoundError: No module named 'pymongo'
[2025-01-13T12:46:55.578+0000] {processor.py:755} WARNING - No viable dags retrieved from /opt/airflow/dags/data_lake_pipeline.py
[2025-01-13T12:46:55.646+0000] {processor.py:175} INFO - Processing /opt/airflow/dags/data_lake_pipeline.py took 0.395 seconds
[2025-01-13T12:47:25.820+0000] {processor.py:153} INFO - Started process (PID=213) to work on /opt/airflow/dags/data_lake_pipeline.py
[2025-01-13T12:47:25.823+0000] {processor.py:743} INFO - Processing file /opt/airflow/dags/data_lake_pipeline.py for tasks to queue
[2025-01-13T12:47:25.824+0000] {logging_mixin.py:137} INFO - [2025-01-13T12:47:25.824+0000] {dagbag.py:538} INFO - Filling up the DagBag from /opt/airflow/dags/data_lake_pipeline.py
[2025-01-13T12:47:25.926+0000] {logging_mixin.py:137} INFO - [2025-01-13T12:47:25.925+0000] {dagbag.py:343} ERROR - Failed to import: /opt/airflow/dags/data_lake_pipeline.py
Traceback (most recent call last):
  File "/home/airflow/.local/lib/python3.7/site-packages/airflow/models/dagbag.py", line 339, in parse
    loader.exec_module(new_module)
  File "<frozen importlib._bootstrap_external>", line 728, in exec_module
  File "<frozen importlib._bootstrap>", line 219, in _call_with_frames_removed
  File "/opt/airflow/dags/data_lake_pipeline.py", line 6, in <module>
    import pymongo
ModuleNotFoundError: No module named 'pymongo'
[2025-01-13T12:47:25.926+0000] {processor.py:755} WARNING - No viable dags retrieved from /opt/airflow/dags/data_lake_pipeline.py
[2025-01-13T12:47:25.953+0000] {processor.py:175} INFO - Processing /opt/airflow/dags/data_lake_pipeline.py took 0.137 seconds
[2025-01-13T12:47:55.995+0000] {processor.py:153} INFO - Started process (PID=218) to work on /opt/airflow/dags/data_lake_pipeline.py
[2025-01-13T12:47:55.997+0000] {processor.py:743} INFO - Processing file /opt/airflow/dags/data_lake_pipeline.py for tasks to queue
[2025-01-13T12:47:55.997+0000] {logging_mixin.py:137} INFO - [2025-01-13T12:47:55.997+0000] {dagbag.py:538} INFO - Filling up the DagBag from /opt/airflow/dags/data_lake_pipeline.py
[2025-01-13T12:47:56.116+0000] {logging_mixin.py:137} INFO - [2025-01-13T12:47:56.115+0000] {dagbag.py:343} ERROR - Failed to import: /opt/airflow/dags/data_lake_pipeline.py
Traceback (most recent call last):
  File "/home/airflow/.local/lib/python3.7/site-packages/airflow/models/dagbag.py", line 339, in parse
    loader.exec_module(new_module)
  File "<frozen importlib._bootstrap_external>", line 728, in exec_module
  File "<frozen importlib._bootstrap>", line 219, in _call_with_frames_removed
  File "/opt/airflow/dags/data_lake_pipeline.py", line 6, in <module>
    import pymongo
ModuleNotFoundError: No module named 'pymongo'
[2025-01-13T12:47:56.116+0000] {processor.py:755} WARNING - No viable dags retrieved from /opt/airflow/dags/data_lake_pipeline.py
[2025-01-13T12:47:56.149+0000] {processor.py:175} INFO - Processing /opt/airflow/dags/data_lake_pipeline.py took 0.158 seconds
[2025-01-13T12:48:26.429+0000] {processor.py:153} INFO - Started process (PID=223) to work on /opt/airflow/dags/data_lake_pipeline.py
[2025-01-13T12:48:26.431+0000] {processor.py:743} INFO - Processing file /opt/airflow/dags/data_lake_pipeline.py for tasks to queue
[2025-01-13T12:48:26.432+0000] {logging_mixin.py:137} INFO - [2025-01-13T12:48:26.432+0000] {dagbag.py:538} INFO - Filling up the DagBag from /opt/airflow/dags/data_lake_pipeline.py
[2025-01-13T12:48:26.566+0000] {logging_mixin.py:137} INFO - [2025-01-13T12:48:26.565+0000] {dagbag.py:343} ERROR - Failed to import: /opt/airflow/dags/data_lake_pipeline.py
Traceback (most recent call last):
  File "/home/airflow/.local/lib/python3.7/site-packages/airflow/models/dagbag.py", line 339, in parse
    loader.exec_module(new_module)
  File "<frozen importlib._bootstrap_external>", line 728, in exec_module
  File "<frozen importlib._bootstrap>", line 219, in _call_with_frames_removed
  File "/opt/airflow/dags/data_lake_pipeline.py", line 6, in <module>
    import pymongo
ModuleNotFoundError: No module named 'pymongo'
[2025-01-13T12:48:26.567+0000] {processor.py:755} WARNING - No viable dags retrieved from /opt/airflow/dags/data_lake_pipeline.py
[2025-01-13T12:48:26.594+0000] {processor.py:175} INFO - Processing /opt/airflow/dags/data_lake_pipeline.py took 0.173 seconds
[2025-01-13T12:48:56.694+0000] {processor.py:153} INFO - Started process (PID=228) to work on /opt/airflow/dags/data_lake_pipeline.py
[2025-01-13T12:48:56.695+0000] {processor.py:743} INFO - Processing file /opt/airflow/dags/data_lake_pipeline.py for tasks to queue
[2025-01-13T12:48:56.696+0000] {logging_mixin.py:137} INFO - [2025-01-13T12:48:56.696+0000] {dagbag.py:538} INFO - Filling up the DagBag from /opt/airflow/dags/data_lake_pipeline.py
[2025-01-13T12:48:56.852+0000] {logging_mixin.py:137} INFO - [2025-01-13T12:48:56.850+0000] {dagbag.py:343} ERROR - Failed to import: /opt/airflow/dags/data_lake_pipeline.py
Traceback (most recent call last):
  File "/home/airflow/.local/lib/python3.7/site-packages/airflow/models/dagbag.py", line 339, in parse
    loader.exec_module(new_module)
  File "<frozen importlib._bootstrap_external>", line 728, in exec_module
  File "<frozen importlib._bootstrap>", line 219, in _call_with_frames_removed
  File "/opt/airflow/dags/data_lake_pipeline.py", line 6, in <module>
    import pymongo
ModuleNotFoundError: No module named 'pymongo'
[2025-01-13T12:48:56.852+0000] {processor.py:755} WARNING - No viable dags retrieved from /opt/airflow/dags/data_lake_pipeline.py
[2025-01-13T12:48:56.890+0000] {processor.py:175} INFO - Processing /opt/airflow/dags/data_lake_pipeline.py took 0.205 seconds
[2025-01-13T12:49:27.136+0000] {processor.py:153} INFO - Started process (PID=233) to work on /opt/airflow/dags/data_lake_pipeline.py
[2025-01-13T12:49:27.143+0000] {processor.py:743} INFO - Processing file /opt/airflow/dags/data_lake_pipeline.py for tasks to queue
[2025-01-13T12:49:27.146+0000] {logging_mixin.py:137} INFO - [2025-01-13T12:49:27.145+0000] {dagbag.py:538} INFO - Filling up the DagBag from /opt/airflow/dags/data_lake_pipeline.py
[2025-01-13T12:49:27.624+0000] {logging_mixin.py:137} INFO - [2025-01-13T12:49:27.620+0000] {dagbag.py:343} ERROR - Failed to import: /opt/airflow/dags/data_lake_pipeline.py
Traceback (most recent call last):
  File "/home/airflow/.local/lib/python3.7/site-packages/airflow/models/dagbag.py", line 339, in parse
    loader.exec_module(new_module)
  File "<frozen importlib._bootstrap_external>", line 728, in exec_module
  File "<frozen importlib._bootstrap>", line 219, in _call_with_frames_removed
  File "/opt/airflow/dags/data_lake_pipeline.py", line 6, in <module>
    import pymongo
ModuleNotFoundError: No module named 'pymongo'
[2025-01-13T12:49:27.626+0000] {processor.py:755} WARNING - No viable dags retrieved from /opt/airflow/dags/data_lake_pipeline.py
[2025-01-13T12:49:27.745+0000] {processor.py:175} INFO - Processing /opt/airflow/dags/data_lake_pipeline.py took 0.622 seconds
[2025-01-13T12:49:58.042+0000] {processor.py:153} INFO - Started process (PID=238) to work on /opt/airflow/dags/data_lake_pipeline.py
[2025-01-13T12:49:58.043+0000] {processor.py:743} INFO - Processing file /opt/airflow/dags/data_lake_pipeline.py for tasks to queue
[2025-01-13T12:49:58.044+0000] {logging_mixin.py:137} INFO - [2025-01-13T12:49:58.043+0000] {dagbag.py:538} INFO - Filling up the DagBag from /opt/airflow/dags/data_lake_pipeline.py
[2025-01-13T12:49:58.138+0000] {logging_mixin.py:137} INFO - [2025-01-13T12:49:58.136+0000] {dagbag.py:343} ERROR - Failed to import: /opt/airflow/dags/data_lake_pipeline.py
Traceback (most recent call last):
  File "/home/airflow/.local/lib/python3.7/site-packages/airflow/models/dagbag.py", line 339, in parse
    loader.exec_module(new_module)
  File "<frozen importlib._bootstrap_external>", line 728, in exec_module
  File "<frozen importlib._bootstrap>", line 219, in _call_with_frames_removed
  File "/opt/airflow/dags/data_lake_pipeline.py", line 6, in <module>
    import pymongo
ModuleNotFoundError: No module named 'pymongo'
[2025-01-13T12:49:58.138+0000] {processor.py:755} WARNING - No viable dags retrieved from /opt/airflow/dags/data_lake_pipeline.py
[2025-01-13T12:49:58.166+0000] {processor.py:175} INFO - Processing /opt/airflow/dags/data_lake_pipeline.py took 0.128 seconds
[2025-01-13T12:50:28.266+0000] {processor.py:153} INFO - Started process (PID=243) to work on /opt/airflow/dags/data_lake_pipeline.py
[2025-01-13T12:50:28.269+0000] {processor.py:743} INFO - Processing file /opt/airflow/dags/data_lake_pipeline.py for tasks to queue
[2025-01-13T12:50:28.271+0000] {logging_mixin.py:137} INFO - [2025-01-13T12:50:28.271+0000] {dagbag.py:538} INFO - Filling up the DagBag from /opt/airflow/dags/data_lake_pipeline.py
[2025-01-13T12:50:28.738+0000] {logging_mixin.py:137} INFO - [2025-01-13T12:50:28.726+0000] {dagbag.py:343} ERROR - Failed to import: /opt/airflow/dags/data_lake_pipeline.py
Traceback (most recent call last):
  File "/home/airflow/.local/lib/python3.7/site-packages/airflow/models/dagbag.py", line 339, in parse
    loader.exec_module(new_module)
  File "<frozen importlib._bootstrap_external>", line 728, in exec_module
  File "<frozen importlib._bootstrap>", line 219, in _call_with_frames_removed
  File "/opt/airflow/dags/data_lake_pipeline.py", line 6, in <module>
    import pymongo
ModuleNotFoundError: No module named 'pymongo'
[2025-01-13T12:50:28.740+0000] {processor.py:755} WARNING - No viable dags retrieved from /opt/airflow/dags/data_lake_pipeline.py
[2025-01-13T12:50:28.892+0000] {processor.py:175} INFO - Processing /opt/airflow/dags/data_lake_pipeline.py took 0.636 seconds
[2025-01-13T12:50:59.167+0000] {processor.py:153} INFO - Started process (PID=248) to work on /opt/airflow/dags/data_lake_pipeline.py
[2025-01-13T12:50:59.170+0000] {processor.py:743} INFO - Processing file /opt/airflow/dags/data_lake_pipeline.py for tasks to queue
[2025-01-13T12:50:59.171+0000] {logging_mixin.py:137} INFO - [2025-01-13T12:50:59.171+0000] {dagbag.py:538} INFO - Filling up the DagBag from /opt/airflow/dags/data_lake_pipeline.py
[2025-01-13T12:50:59.383+0000] {logging_mixin.py:137} INFO - [2025-01-13T12:50:59.380+0000] {dagbag.py:343} ERROR - Failed to import: /opt/airflow/dags/data_lake_pipeline.py
Traceback (most recent call last):
  File "/home/airflow/.local/lib/python3.7/site-packages/airflow/models/dagbag.py", line 339, in parse
    loader.exec_module(new_module)
  File "<frozen importlib._bootstrap_external>", line 728, in exec_module
  File "<frozen importlib._bootstrap>", line 219, in _call_with_frames_removed
  File "/opt/airflow/dags/data_lake_pipeline.py", line 6, in <module>
    import pymongo
ModuleNotFoundError: No module named 'pymongo'
[2025-01-13T12:50:59.385+0000] {processor.py:755} WARNING - No viable dags retrieved from /opt/airflow/dags/data_lake_pipeline.py
[2025-01-13T12:50:59.454+0000] {processor.py:175} INFO - Processing /opt/airflow/dags/data_lake_pipeline.py took 0.297 seconds
[2025-01-13T12:51:29.705+0000] {processor.py:153} INFO - Started process (PID=253) to work on /opt/airflow/dags/data_lake_pipeline.py
[2025-01-13T12:51:29.707+0000] {processor.py:743} INFO - Processing file /opt/airflow/dags/data_lake_pipeline.py for tasks to queue
[2025-01-13T12:51:29.708+0000] {logging_mixin.py:137} INFO - [2025-01-13T12:51:29.708+0000] {dagbag.py:538} INFO - Filling up the DagBag from /opt/airflow/dags/data_lake_pipeline.py
[2025-01-13T12:51:29.820+0000] {logging_mixin.py:137} INFO - [2025-01-13T12:51:29.819+0000] {dagbag.py:343} ERROR - Failed to import: /opt/airflow/dags/data_lake_pipeline.py
Traceback (most recent call last):
  File "/home/airflow/.local/lib/python3.7/site-packages/airflow/models/dagbag.py", line 339, in parse
    loader.exec_module(new_module)
  File "<frozen importlib._bootstrap_external>", line 728, in exec_module
  File "<frozen importlib._bootstrap>", line 219, in _call_with_frames_removed
  File "/opt/airflow/dags/data_lake_pipeline.py", line 6, in <module>
    import pymongo
ModuleNotFoundError: No module named 'pymongo'
[2025-01-13T12:51:29.821+0000] {processor.py:755} WARNING - No viable dags retrieved from /opt/airflow/dags/data_lake_pipeline.py
[2025-01-13T12:51:29.845+0000] {processor.py:175} INFO - Processing /opt/airflow/dags/data_lake_pipeline.py took 0.145 seconds
[2025-01-13T12:51:59.989+0000] {processor.py:153} INFO - Started process (PID=258) to work on /opt/airflow/dags/data_lake_pipeline.py
[2025-01-13T12:51:59.991+0000] {processor.py:743} INFO - Processing file /opt/airflow/dags/data_lake_pipeline.py for tasks to queue
[2025-01-13T12:51:59.994+0000] {logging_mixin.py:137} INFO - [2025-01-13T12:51:59.993+0000] {dagbag.py:538} INFO - Filling up the DagBag from /opt/airflow/dags/data_lake_pipeline.py
[2025-01-13T12:52:00.247+0000] {logging_mixin.py:137} INFO - [2025-01-13T12:52:00.244+0000] {dagbag.py:343} ERROR - Failed to import: /opt/airflow/dags/data_lake_pipeline.py
Traceback (most recent call last):
  File "/home/airflow/.local/lib/python3.7/site-packages/airflow/models/dagbag.py", line 339, in parse
    loader.exec_module(new_module)
  File "<frozen importlib._bootstrap_external>", line 728, in exec_module
  File "<frozen importlib._bootstrap>", line 219, in _call_with_frames_removed
  File "/opt/airflow/dags/data_lake_pipeline.py", line 6, in <module>
    import pymongo
ModuleNotFoundError: No module named 'pymongo'
[2025-01-13T12:52:00.248+0000] {processor.py:755} WARNING - No viable dags retrieved from /opt/airflow/dags/data_lake_pipeline.py
[2025-01-13T12:52:00.308+0000] {processor.py:175} INFO - Processing /opt/airflow/dags/data_lake_pipeline.py took 0.326 seconds
[2025-01-13T12:52:30.518+0000] {processor.py:153} INFO - Started process (PID=263) to work on /opt/airflow/dags/data_lake_pipeline.py
[2025-01-13T12:52:30.532+0000] {processor.py:743} INFO - Processing file /opt/airflow/dags/data_lake_pipeline.py for tasks to queue
[2025-01-13T12:52:30.538+0000] {logging_mixin.py:137} INFO - [2025-01-13T12:52:30.536+0000] {dagbag.py:538} INFO - Filling up the DagBag from /opt/airflow/dags/data_lake_pipeline.py
[2025-01-13T12:52:30.980+0000] {logging_mixin.py:137} INFO - [2025-01-13T12:52:30.976+0000] {dagbag.py:343} ERROR - Failed to import: /opt/airflow/dags/data_lake_pipeline.py
Traceback (most recent call last):
  File "/home/airflow/.local/lib/python3.7/site-packages/airflow/models/dagbag.py", line 339, in parse
    loader.exec_module(new_module)
  File "<frozen importlib._bootstrap_external>", line 728, in exec_module
  File "<frozen importlib._bootstrap>", line 219, in _call_with_frames_removed
  File "/opt/airflow/dags/data_lake_pipeline.py", line 6, in <module>
    import pymongo
ModuleNotFoundError: No module named 'pymongo'
[2025-01-13T12:52:30.981+0000] {processor.py:755} WARNING - No viable dags retrieved from /opt/airflow/dags/data_lake_pipeline.py
[2025-01-13T12:52:31.154+0000] {processor.py:175} INFO - Processing /opt/airflow/dags/data_lake_pipeline.py took 0.674 seconds
[2025-01-13T12:53:01.707+0000] {processor.py:153} INFO - Started process (PID=268) to work on /opt/airflow/dags/data_lake_pipeline.py
[2025-01-13T12:53:01.718+0000] {processor.py:743} INFO - Processing file /opt/airflow/dags/data_lake_pipeline.py for tasks to queue
[2025-01-13T12:53:01.720+0000] {logging_mixin.py:137} INFO - [2025-01-13T12:53:01.720+0000] {dagbag.py:538} INFO - Filling up the DagBag from /opt/airflow/dags/data_lake_pipeline.py
[2025-01-13T12:53:02.625+0000] {logging_mixin.py:137} INFO - [2025-01-13T12:53:02.611+0000] {dagbag.py:343} ERROR - Failed to import: /opt/airflow/dags/data_lake_pipeline.py
Traceback (most recent call last):
  File "/home/airflow/.local/lib/python3.7/site-packages/airflow/models/dagbag.py", line 339, in parse
    loader.exec_module(new_module)
  File "<frozen importlib._bootstrap_external>", line 728, in exec_module
  File "<frozen importlib._bootstrap>", line 219, in _call_with_frames_removed
  File "/opt/airflow/dags/data_lake_pipeline.py", line 6, in <module>
    import pymongo
ModuleNotFoundError: No module named 'pymongo'
[2025-01-13T12:53:02.629+0000] {processor.py:755} WARNING - No viable dags retrieved from /opt/airflow/dags/data_lake_pipeline.py
[2025-01-13T12:53:02.867+0000] {processor.py:175} INFO - Processing /opt/airflow/dags/data_lake_pipeline.py took 1.169 seconds
[2025-01-13T12:53:33.704+0000] {processor.py:153} INFO - Started process (PID=273) to work on /opt/airflow/dags/data_lake_pipeline.py
[2025-01-13T12:53:33.707+0000] {processor.py:743} INFO - Processing file /opt/airflow/dags/data_lake_pipeline.py for tasks to queue
[2025-01-13T12:53:33.709+0000] {logging_mixin.py:137} INFO - [2025-01-13T12:53:33.709+0000] {dagbag.py:538} INFO - Filling up the DagBag from /opt/airflow/dags/data_lake_pipeline.py
[2025-01-13T12:53:34.294+0000] {logging_mixin.py:137} INFO - [2025-01-13T12:53:34.283+0000] {dagbag.py:343} ERROR - Failed to import: /opt/airflow/dags/data_lake_pipeline.py
Traceback (most recent call last):
  File "/home/airflow/.local/lib/python3.7/site-packages/airflow/models/dagbag.py", line 339, in parse
    loader.exec_module(new_module)
  File "<frozen importlib._bootstrap_external>", line 728, in exec_module
  File "<frozen importlib._bootstrap>", line 219, in _call_with_frames_removed
  File "/opt/airflow/dags/data_lake_pipeline.py", line 6, in <module>
    import pymongo
ModuleNotFoundError: No module named 'pymongo'
[2025-01-13T12:53:34.297+0000] {processor.py:755} WARNING - No viable dags retrieved from /opt/airflow/dags/data_lake_pipeline.py
[2025-01-13T12:53:34.632+0000] {processor.py:175} INFO - Processing /opt/airflow/dags/data_lake_pipeline.py took 0.937 seconds
[2025-01-13T12:54:05.184+0000] {processor.py:153} INFO - Started process (PID=278) to work on /opt/airflow/dags/data_lake_pipeline.py
[2025-01-13T12:54:05.186+0000] {processor.py:743} INFO - Processing file /opt/airflow/dags/data_lake_pipeline.py for tasks to queue
[2025-01-13T12:54:05.187+0000] {logging_mixin.py:137} INFO - [2025-01-13T12:54:05.187+0000] {dagbag.py:538} INFO - Filling up the DagBag from /opt/airflow/dags/data_lake_pipeline.py
[2025-01-13T12:54:05.351+0000] {logging_mixin.py:137} INFO - [2025-01-13T12:54:05.348+0000] {dagbag.py:343} ERROR - Failed to import: /opt/airflow/dags/data_lake_pipeline.py
Traceback (most recent call last):
  File "/home/airflow/.local/lib/python3.7/site-packages/airflow/models/dagbag.py", line 339, in parse
    loader.exec_module(new_module)
  File "<frozen importlib._bootstrap_external>", line 728, in exec_module
  File "<frozen importlib._bootstrap>", line 219, in _call_with_frames_removed
  File "/opt/airflow/dags/data_lake_pipeline.py", line 6, in <module>
    import pymongo
ModuleNotFoundError: No module named 'pymongo'
[2025-01-13T12:54:05.352+0000] {processor.py:755} WARNING - No viable dags retrieved from /opt/airflow/dags/data_lake_pipeline.py
[2025-01-13T12:54:05.403+0000] {processor.py:175} INFO - Processing /opt/airflow/dags/data_lake_pipeline.py took 0.224 seconds
[2025-01-13T12:54:35.657+0000] {processor.py:153} INFO - Started process (PID=283) to work on /opt/airflow/dags/data_lake_pipeline.py
[2025-01-13T12:54:35.671+0000] {processor.py:743} INFO - Processing file /opt/airflow/dags/data_lake_pipeline.py for tasks to queue
[2025-01-13T12:54:35.672+0000] {logging_mixin.py:137} INFO - [2025-01-13T12:54:35.672+0000] {dagbag.py:538} INFO - Filling up the DagBag from /opt/airflow/dags/data_lake_pipeline.py
[2025-01-13T12:54:36.096+0000] {logging_mixin.py:137} INFO - [2025-01-13T12:54:36.091+0000] {dagbag.py:343} ERROR - Failed to import: /opt/airflow/dags/data_lake_pipeline.py
Traceback (most recent call last):
  File "/home/airflow/.local/lib/python3.7/site-packages/airflow/models/dagbag.py", line 339, in parse
    loader.exec_module(new_module)
  File "<frozen importlib._bootstrap_external>", line 728, in exec_module
  File "<frozen importlib._bootstrap>", line 219, in _call_with_frames_removed
  File "/opt/airflow/dags/data_lake_pipeline.py", line 6, in <module>
    import pymongo
ModuleNotFoundError: No module named 'pymongo'
[2025-01-13T12:54:36.098+0000] {processor.py:755} WARNING - No viable dags retrieved from /opt/airflow/dags/data_lake_pipeline.py
[2025-01-13T12:54:36.224+0000] {processor.py:175} INFO - Processing /opt/airflow/dags/data_lake_pipeline.py took 0.593 seconds
[2025-01-13T12:55:06.510+0000] {processor.py:153} INFO - Started process (PID=288) to work on /opt/airflow/dags/data_lake_pipeline.py
[2025-01-13T12:55:06.516+0000] {processor.py:743} INFO - Processing file /opt/airflow/dags/data_lake_pipeline.py for tasks to queue
[2025-01-13T12:55:06.519+0000] {logging_mixin.py:137} INFO - [2025-01-13T12:55:06.519+0000] {dagbag.py:538} INFO - Filling up the DagBag from /opt/airflow/dags/data_lake_pipeline.py
[2025-01-13T12:55:07.036+0000] {logging_mixin.py:137} INFO - [2025-01-13T12:55:07.027+0000] {dagbag.py:343} ERROR - Failed to import: /opt/airflow/dags/data_lake_pipeline.py
Traceback (most recent call last):
  File "/home/airflow/.local/lib/python3.7/site-packages/airflow/models/dagbag.py", line 339, in parse
    loader.exec_module(new_module)
  File "<frozen importlib._bootstrap_external>", line 728, in exec_module
  File "<frozen importlib._bootstrap>", line 219, in _call_with_frames_removed
  File "/opt/airflow/dags/data_lake_pipeline.py", line 6, in <module>
    import pymongo
ModuleNotFoundError: No module named 'pymongo'
[2025-01-13T12:55:07.038+0000] {processor.py:755} WARNING - No viable dags retrieved from /opt/airflow/dags/data_lake_pipeline.py
[2025-01-13T12:55:07.174+0000] {processor.py:175} INFO - Processing /opt/airflow/dags/data_lake_pipeline.py took 0.704 seconds
[2025-01-13T12:55:37.656+0000] {processor.py:153} INFO - Started process (PID=293) to work on /opt/airflow/dags/data_lake_pipeline.py
[2025-01-13T12:55:37.669+0000] {processor.py:743} INFO - Processing file /opt/airflow/dags/data_lake_pipeline.py for tasks to queue
[2025-01-13T12:55:37.677+0000] {logging_mixin.py:137} INFO - [2025-01-13T12:55:37.673+0000] {dagbag.py:538} INFO - Filling up the DagBag from /opt/airflow/dags/data_lake_pipeline.py
[2025-01-13T12:55:38.365+0000] {logging_mixin.py:137} INFO - [2025-01-13T12:55:38.350+0000] {dagbag.py:343} ERROR - Failed to import: /opt/airflow/dags/data_lake_pipeline.py
Traceback (most recent call last):
  File "/home/airflow/.local/lib/python3.7/site-packages/airflow/models/dagbag.py", line 339, in parse
    loader.exec_module(new_module)
  File "<frozen importlib._bootstrap_external>", line 728, in exec_module
  File "<frozen importlib._bootstrap>", line 219, in _call_with_frames_removed
  File "/opt/airflow/dags/data_lake_pipeline.py", line 6, in <module>
    import pymongo
ModuleNotFoundError: No module named 'pymongo'
[2025-01-13T12:55:38.366+0000] {processor.py:755} WARNING - No viable dags retrieved from /opt/airflow/dags/data_lake_pipeline.py
[2025-01-13T12:55:38.532+0000] {processor.py:175} INFO - Processing /opt/airflow/dags/data_lake_pipeline.py took 1.043 seconds
[2025-01-13T12:56:09.234+0000] {processor.py:153} INFO - Started process (PID=298) to work on /opt/airflow/dags/data_lake_pipeline.py
[2025-01-13T12:56:09.240+0000] {processor.py:743} INFO - Processing file /opt/airflow/dags/data_lake_pipeline.py for tasks to queue
[2025-01-13T12:56:09.246+0000] {logging_mixin.py:137} INFO - [2025-01-13T12:56:09.245+0000] {dagbag.py:538} INFO - Filling up the DagBag from /opt/airflow/dags/data_lake_pipeline.py
[2025-01-13T12:56:11.046+0000] {logging_mixin.py:137} INFO - [2025-01-13T12:56:11.041+0000] {dagbag.py:343} ERROR - Failed to import: /opt/airflow/dags/data_lake_pipeline.py
Traceback (most recent call last):
  File "/home/airflow/.local/lib/python3.7/site-packages/airflow/models/dagbag.py", line 339, in parse
    loader.exec_module(new_module)
  File "<frozen importlib._bootstrap_external>", line 728, in exec_module
  File "<frozen importlib._bootstrap>", line 219, in _call_with_frames_removed
  File "/opt/airflow/dags/data_lake_pipeline.py", line 6, in <module>
    import pymongo
ModuleNotFoundError: No module named 'pymongo'
[2025-01-13T12:56:11.048+0000] {processor.py:755} WARNING - No viable dags retrieved from /opt/airflow/dags/data_lake_pipeline.py
[2025-01-13T12:56:11.230+0000] {processor.py:175} INFO - Processing /opt/airflow/dags/data_lake_pipeline.py took 2.012 seconds
[2025-01-13T12:56:41.724+0000] {processor.py:153} INFO - Started process (PID=303) to work on /opt/airflow/dags/data_lake_pipeline.py
[2025-01-13T12:56:41.738+0000] {processor.py:743} INFO - Processing file /opt/airflow/dags/data_lake_pipeline.py for tasks to queue
[2025-01-13T12:56:41.739+0000] {logging_mixin.py:137} INFO - [2025-01-13T12:56:41.739+0000] {dagbag.py:538} INFO - Filling up the DagBag from /opt/airflow/dags/data_lake_pipeline.py
[2025-01-13T12:56:41.931+0000] {logging_mixin.py:137} INFO - [2025-01-13T12:56:41.929+0000] {dagbag.py:343} ERROR - Failed to import: /opt/airflow/dags/data_lake_pipeline.py
Traceback (most recent call last):
  File "/home/airflow/.local/lib/python3.7/site-packages/airflow/models/dagbag.py", line 339, in parse
    loader.exec_module(new_module)
  File "<frozen importlib._bootstrap_external>", line 728, in exec_module
  File "<frozen importlib._bootstrap>", line 219, in _call_with_frames_removed
  File "/opt/airflow/dags/data_lake_pipeline.py", line 6, in <module>
    import pymongo
ModuleNotFoundError: No module named 'pymongo'
[2025-01-13T12:56:41.932+0000] {processor.py:755} WARNING - No viable dags retrieved from /opt/airflow/dags/data_lake_pipeline.py
[2025-01-13T12:56:41.991+0000] {processor.py:175} INFO - Processing /opt/airflow/dags/data_lake_pipeline.py took 0.273 seconds
[2025-01-13T12:57:12.273+0000] {processor.py:153} INFO - Started process (PID=308) to work on /opt/airflow/dags/data_lake_pipeline.py
[2025-01-13T12:57:12.277+0000] {processor.py:743} INFO - Processing file /opt/airflow/dags/data_lake_pipeline.py for tasks to queue
[2025-01-13T12:57:12.280+0000] {logging_mixin.py:137} INFO - [2025-01-13T12:57:12.279+0000] {dagbag.py:538} INFO - Filling up the DagBag from /opt/airflow/dags/data_lake_pipeline.py
[2025-01-13T12:57:12.550+0000] {logging_mixin.py:137} INFO - [2025-01-13T12:57:12.548+0000] {dagbag.py:343} ERROR - Failed to import: /opt/airflow/dags/data_lake_pipeline.py
Traceback (most recent call last):
  File "/home/airflow/.local/lib/python3.7/site-packages/airflow/models/dagbag.py", line 339, in parse
    loader.exec_module(new_module)
  File "<frozen importlib._bootstrap_external>", line 728, in exec_module
  File "<frozen importlib._bootstrap>", line 219, in _call_with_frames_removed
  File "/opt/airflow/dags/data_lake_pipeline.py", line 6, in <module>
    import pymongo
ModuleNotFoundError: No module named 'pymongo'
[2025-01-13T12:57:12.551+0000] {processor.py:755} WARNING - No viable dags retrieved from /opt/airflow/dags/data_lake_pipeline.py
[2025-01-13T12:57:12.627+0000] {processor.py:175} INFO - Processing /opt/airflow/dags/data_lake_pipeline.py took 0.366 seconds
[2025-01-13T12:57:42.838+0000] {processor.py:153} INFO - Started process (PID=313) to work on /opt/airflow/dags/data_lake_pipeline.py
[2025-01-13T12:57:42.839+0000] {processor.py:743} INFO - Processing file /opt/airflow/dags/data_lake_pipeline.py for tasks to queue
[2025-01-13T12:57:42.839+0000] {logging_mixin.py:137} INFO - [2025-01-13T12:57:42.839+0000] {dagbag.py:538} INFO - Filling up the DagBag from /opt/airflow/dags/data_lake_pipeline.py
[2025-01-13T12:57:42.896+0000] {logging_mixin.py:137} INFO - [2025-01-13T12:57:42.895+0000] {dagbag.py:343} ERROR - Failed to import: /opt/airflow/dags/data_lake_pipeline.py
Traceback (most recent call last):
  File "/home/airflow/.local/lib/python3.7/site-packages/airflow/models/dagbag.py", line 339, in parse
    loader.exec_module(new_module)
  File "<frozen importlib._bootstrap_external>", line 728, in exec_module
  File "<frozen importlib._bootstrap>", line 219, in _call_with_frames_removed
  File "/opt/airflow/dags/data_lake_pipeline.py", line 6, in <module>
    import pymongo
ModuleNotFoundError: No module named 'pymongo'
[2025-01-13T12:57:42.896+0000] {processor.py:755} WARNING - No viable dags retrieved from /opt/airflow/dags/data_lake_pipeline.py
[2025-01-13T12:57:42.913+0000] {processor.py:175} INFO - Processing /opt/airflow/dags/data_lake_pipeline.py took 0.078 seconds
[2025-01-13T12:58:13.017+0000] {processor.py:153} INFO - Started process (PID=318) to work on /opt/airflow/dags/data_lake_pipeline.py
[2025-01-13T12:58:13.017+0000] {processor.py:743} INFO - Processing file /opt/airflow/dags/data_lake_pipeline.py for tasks to queue
[2025-01-13T12:58:13.018+0000] {logging_mixin.py:137} INFO - [2025-01-13T12:58:13.018+0000] {dagbag.py:538} INFO - Filling up the DagBag from /opt/airflow/dags/data_lake_pipeline.py
[2025-01-13T12:58:13.081+0000] {logging_mixin.py:137} INFO - [2025-01-13T12:58:13.080+0000] {dagbag.py:343} ERROR - Failed to import: /opt/airflow/dags/data_lake_pipeline.py
Traceback (most recent call last):
  File "/home/airflow/.local/lib/python3.7/site-packages/airflow/models/dagbag.py", line 339, in parse
    loader.exec_module(new_module)
  File "<frozen importlib._bootstrap_external>", line 728, in exec_module
  File "<frozen importlib._bootstrap>", line 219, in _call_with_frames_removed
  File "/opt/airflow/dags/data_lake_pipeline.py", line 6, in <module>
    import pymongo
ModuleNotFoundError: No module named 'pymongo'
[2025-01-13T12:58:13.081+0000] {processor.py:755} WARNING - No viable dags retrieved from /opt/airflow/dags/data_lake_pipeline.py
[2025-01-13T12:58:13.105+0000] {processor.py:175} INFO - Processing /opt/airflow/dags/data_lake_pipeline.py took 0.091 seconds
[2025-01-13T12:58:43.262+0000] {processor.py:153} INFO - Started process (PID=323) to work on /opt/airflow/dags/data_lake_pipeline.py
[2025-01-13T12:58:43.263+0000] {processor.py:743} INFO - Processing file /opt/airflow/dags/data_lake_pipeline.py for tasks to queue
[2025-01-13T12:58:43.264+0000] {logging_mixin.py:137} INFO - [2025-01-13T12:58:43.263+0000] {dagbag.py:538} INFO - Filling up the DagBag from /opt/airflow/dags/data_lake_pipeline.py
[2025-01-13T12:58:43.327+0000] {logging_mixin.py:137} INFO - [2025-01-13T12:58:43.326+0000] {dagbag.py:343} ERROR - Failed to import: /opt/airflow/dags/data_lake_pipeline.py
Traceback (most recent call last):
  File "/home/airflow/.local/lib/python3.7/site-packages/airflow/models/dagbag.py", line 339, in parse
    loader.exec_module(new_module)
  File "<frozen importlib._bootstrap_external>", line 728, in exec_module
  File "<frozen importlib._bootstrap>", line 219, in _call_with_frames_removed
  File "/opt/airflow/dags/data_lake_pipeline.py", line 6, in <module>
    import pymongo
ModuleNotFoundError: No module named 'pymongo'
[2025-01-13T12:58:43.327+0000] {processor.py:755} WARNING - No viable dags retrieved from /opt/airflow/dags/data_lake_pipeline.py
[2025-01-13T12:58:43.357+0000] {processor.py:175} INFO - Processing /opt/airflow/dags/data_lake_pipeline.py took 0.098 seconds
[2025-01-13T12:59:13.430+0000] {processor.py:153} INFO - Started process (PID=328) to work on /opt/airflow/dags/data_lake_pipeline.py
[2025-01-13T12:59:13.431+0000] {processor.py:743} INFO - Processing file /opt/airflow/dags/data_lake_pipeline.py for tasks to queue
[2025-01-13T12:59:13.431+0000] {logging_mixin.py:137} INFO - [2025-01-13T12:59:13.431+0000] {dagbag.py:538} INFO - Filling up the DagBag from /opt/airflow/dags/data_lake_pipeline.py
[2025-01-13T12:59:13.509+0000] {logging_mixin.py:137} INFO - [2025-01-13T12:59:13.508+0000] {dagbag.py:343} ERROR - Failed to import: /opt/airflow/dags/data_lake_pipeline.py
Traceback (most recent call last):
  File "/home/airflow/.local/lib/python3.7/site-packages/airflow/models/dagbag.py", line 339, in parse
    loader.exec_module(new_module)
  File "<frozen importlib._bootstrap_external>", line 728, in exec_module
  File "<frozen importlib._bootstrap>", line 219, in _call_with_frames_removed
  File "/opt/airflow/dags/data_lake_pipeline.py", line 6, in <module>
    import pymongo
ModuleNotFoundError: No module named 'pymongo'
[2025-01-13T12:59:13.509+0000] {processor.py:755} WARNING - No viable dags retrieved from /opt/airflow/dags/data_lake_pipeline.py
[2025-01-13T12:59:13.530+0000] {processor.py:175} INFO - Processing /opt/airflow/dags/data_lake_pipeline.py took 0.103 seconds
[2025-01-13T12:59:43.703+0000] {processor.py:153} INFO - Started process (PID=333) to work on /opt/airflow/dags/data_lake_pipeline.py
[2025-01-13T12:59:43.706+0000] {processor.py:743} INFO - Processing file /opt/airflow/dags/data_lake_pipeline.py for tasks to queue
[2025-01-13T12:59:43.709+0000] {logging_mixin.py:137} INFO - [2025-01-13T12:59:43.709+0000] {dagbag.py:538} INFO - Filling up the DagBag from /opt/airflow/dags/data_lake_pipeline.py
[2025-01-13T12:59:43.819+0000] {logging_mixin.py:137} INFO - [2025-01-13T12:59:43.818+0000] {dagbag.py:343} ERROR - Failed to import: /opt/airflow/dags/data_lake_pipeline.py
Traceback (most recent call last):
  File "/home/airflow/.local/lib/python3.7/site-packages/airflow/models/dagbag.py", line 339, in parse
    loader.exec_module(new_module)
  File "<frozen importlib._bootstrap_external>", line 728, in exec_module
  File "<frozen importlib._bootstrap>", line 219, in _call_with_frames_removed
  File "/opt/airflow/dags/data_lake_pipeline.py", line 6, in <module>
    import pymongo
ModuleNotFoundError: No module named 'pymongo'
[2025-01-13T12:59:43.819+0000] {processor.py:755} WARNING - No viable dags retrieved from /opt/airflow/dags/data_lake_pipeline.py
[2025-01-13T12:59:43.838+0000] {processor.py:175} INFO - Processing /opt/airflow/dags/data_lake_pipeline.py took 0.154 seconds
[2025-01-13T13:00:13.879+0000] {processor.py:153} INFO - Started process (PID=338) to work on /opt/airflow/dags/data_lake_pipeline.py
[2025-01-13T13:00:13.880+0000] {processor.py:743} INFO - Processing file /opt/airflow/dags/data_lake_pipeline.py for tasks to queue
[2025-01-13T13:00:13.880+0000] {logging_mixin.py:137} INFO - [2025-01-13T13:00:13.880+0000] {dagbag.py:538} INFO - Filling up the DagBag from /opt/airflow/dags/data_lake_pipeline.py
[2025-01-13T13:00:13.934+0000] {logging_mixin.py:137} INFO - [2025-01-13T13:00:13.934+0000] {dagbag.py:343} ERROR - Failed to import: /opt/airflow/dags/data_lake_pipeline.py
Traceback (most recent call last):
  File "/home/airflow/.local/lib/python3.7/site-packages/airflow/models/dagbag.py", line 339, in parse
    loader.exec_module(new_module)
  File "<frozen importlib._bootstrap_external>", line 728, in exec_module
  File "<frozen importlib._bootstrap>", line 219, in _call_with_frames_removed
  File "/opt/airflow/dags/data_lake_pipeline.py", line 6, in <module>
    import pymongo
ModuleNotFoundError: No module named 'pymongo'
[2025-01-13T13:00:13.935+0000] {processor.py:755} WARNING - No viable dags retrieved from /opt/airflow/dags/data_lake_pipeline.py
[2025-01-13T13:00:13.952+0000] {processor.py:175} INFO - Processing /opt/airflow/dags/data_lake_pipeline.py took 0.075 seconds
[2025-01-13T13:00:44.044+0000] {processor.py:153} INFO - Started process (PID=343) to work on /opt/airflow/dags/data_lake_pipeline.py
[2025-01-13T13:00:44.046+0000] {processor.py:743} INFO - Processing file /opt/airflow/dags/data_lake_pipeline.py for tasks to queue
[2025-01-13T13:00:44.046+0000] {logging_mixin.py:137} INFO - [2025-01-13T13:00:44.046+0000] {dagbag.py:538} INFO - Filling up the DagBag from /opt/airflow/dags/data_lake_pipeline.py
[2025-01-13T13:00:44.113+0000] {logging_mixin.py:137} INFO - [2025-01-13T13:00:44.111+0000] {dagbag.py:343} ERROR - Failed to import: /opt/airflow/dags/data_lake_pipeline.py
Traceback (most recent call last):
  File "/home/airflow/.local/lib/python3.7/site-packages/airflow/models/dagbag.py", line 339, in parse
    loader.exec_module(new_module)
  File "<frozen importlib._bootstrap_external>", line 728, in exec_module
  File "<frozen importlib._bootstrap>", line 219, in _call_with_frames_removed
  File "/opt/airflow/dags/data_lake_pipeline.py", line 6, in <module>
    import pymongo
ModuleNotFoundError: No module named 'pymongo'
[2025-01-13T13:00:44.113+0000] {processor.py:755} WARNING - No viable dags retrieved from /opt/airflow/dags/data_lake_pipeline.py
[2025-01-13T13:00:44.138+0000] {processor.py:175} INFO - Processing /opt/airflow/dags/data_lake_pipeline.py took 0.097 seconds
[2025-01-13T13:01:14.316+0000] {processor.py:153} INFO - Started process (PID=348) to work on /opt/airflow/dags/data_lake_pipeline.py
[2025-01-13T13:01:14.317+0000] {processor.py:743} INFO - Processing file /opt/airflow/dags/data_lake_pipeline.py for tasks to queue
[2025-01-13T13:01:14.317+0000] {logging_mixin.py:137} INFO - [2025-01-13T13:01:14.317+0000] {dagbag.py:538} INFO - Filling up the DagBag from /opt/airflow/dags/data_lake_pipeline.py
[2025-01-13T13:01:14.376+0000] {logging_mixin.py:137} INFO - [2025-01-13T13:01:14.376+0000] {dagbag.py:343} ERROR - Failed to import: /opt/airflow/dags/data_lake_pipeline.py
Traceback (most recent call last):
  File "/home/airflow/.local/lib/python3.7/site-packages/airflow/models/dagbag.py", line 339, in parse
    loader.exec_module(new_module)
  File "<frozen importlib._bootstrap_external>", line 728, in exec_module
  File "<frozen importlib._bootstrap>", line 219, in _call_with_frames_removed
  File "/opt/airflow/dags/data_lake_pipeline.py", line 6, in <module>
    import pymongo
ModuleNotFoundError: No module named 'pymongo'
[2025-01-13T13:01:14.377+0000] {processor.py:755} WARNING - No viable dags retrieved from /opt/airflow/dags/data_lake_pipeline.py
[2025-01-13T13:01:14.397+0000] {processor.py:175} INFO - Processing /opt/airflow/dags/data_lake_pipeline.py took 0.084 seconds
[2025-01-13T13:01:44.460+0000] {processor.py:153} INFO - Started process (PID=353) to work on /opt/airflow/dags/data_lake_pipeline.py
[2025-01-13T13:01:44.463+0000] {processor.py:743} INFO - Processing file /opt/airflow/dags/data_lake_pipeline.py for tasks to queue
[2025-01-13T13:01:44.463+0000] {logging_mixin.py:137} INFO - [2025-01-13T13:01:44.463+0000] {dagbag.py:538} INFO - Filling up the DagBag from /opt/airflow/dags/data_lake_pipeline.py
[2025-01-13T13:01:44.526+0000] {logging_mixin.py:137} INFO - [2025-01-13T13:01:44.525+0000] {dagbag.py:343} ERROR - Failed to import: /opt/airflow/dags/data_lake_pipeline.py
Traceback (most recent call last):
  File "/home/airflow/.local/lib/python3.7/site-packages/airflow/models/dagbag.py", line 339, in parse
    loader.exec_module(new_module)
  File "<frozen importlib._bootstrap_external>", line 728, in exec_module
  File "<frozen importlib._bootstrap>", line 219, in _call_with_frames_removed
  File "/opt/airflow/dags/data_lake_pipeline.py", line 6, in <module>
    import pymongo
ModuleNotFoundError: No module named 'pymongo'
[2025-01-13T13:01:44.526+0000] {processor.py:755} WARNING - No viable dags retrieved from /opt/airflow/dags/data_lake_pipeline.py
[2025-01-13T13:01:44.544+0000] {processor.py:175} INFO - Processing /opt/airflow/dags/data_lake_pipeline.py took 0.088 seconds
[2025-01-13T13:02:14.714+0000] {processor.py:153} INFO - Started process (PID=358) to work on /opt/airflow/dags/data_lake_pipeline.py
[2025-01-13T13:02:14.714+0000] {processor.py:743} INFO - Processing file /opt/airflow/dags/data_lake_pipeline.py for tasks to queue
[2025-01-13T13:02:14.715+0000] {logging_mixin.py:137} INFO - [2025-01-13T13:02:14.715+0000] {dagbag.py:538} INFO - Filling up the DagBag from /opt/airflow/dags/data_lake_pipeline.py
[2025-01-13T13:02:14.774+0000] {logging_mixin.py:137} INFO - [2025-01-13T13:02:14.772+0000] {dagbag.py:343} ERROR - Failed to import: /opt/airflow/dags/data_lake_pipeline.py
Traceback (most recent call last):
  File "/home/airflow/.local/lib/python3.7/site-packages/airflow/models/dagbag.py", line 339, in parse
    loader.exec_module(new_module)
  File "<frozen importlib._bootstrap_external>", line 728, in exec_module
  File "<frozen importlib._bootstrap>", line 219, in _call_with_frames_removed
  File "/opt/airflow/dags/data_lake_pipeline.py", line 6, in <module>
    import pymongo
ModuleNotFoundError: No module named 'pymongo'
[2025-01-13T13:02:14.775+0000] {processor.py:755} WARNING - No viable dags retrieved from /opt/airflow/dags/data_lake_pipeline.py
[2025-01-13T13:02:14.791+0000] {processor.py:175} INFO - Processing /opt/airflow/dags/data_lake_pipeline.py took 0.079 seconds
[2025-01-13T13:02:44.925+0000] {processor.py:153} INFO - Started process (PID=363) to work on /opt/airflow/dags/data_lake_pipeline.py
[2025-01-13T13:02:44.927+0000] {processor.py:743} INFO - Processing file /opt/airflow/dags/data_lake_pipeline.py for tasks to queue
[2025-01-13T13:02:44.929+0000] {logging_mixin.py:137} INFO - [2025-01-13T13:02:44.928+0000] {dagbag.py:538} INFO - Filling up the DagBag from /opt/airflow/dags/data_lake_pipeline.py
[2025-01-13T13:02:45.112+0000] {logging_mixin.py:137} INFO - [2025-01-13T13:02:45.110+0000] {dagbag.py:343} ERROR - Failed to import: /opt/airflow/dags/data_lake_pipeline.py
Traceback (most recent call last):
  File "/home/airflow/.local/lib/python3.7/site-packages/airflow/models/dagbag.py", line 339, in parse
    loader.exec_module(new_module)
  File "<frozen importlib._bootstrap_external>", line 728, in exec_module
  File "<frozen importlib._bootstrap>", line 219, in _call_with_frames_removed
  File "/opt/airflow/dags/data_lake_pipeline.py", line 6, in <module>
    import pymongo
ModuleNotFoundError: No module named 'pymongo'
[2025-01-13T13:02:45.113+0000] {processor.py:755} WARNING - No viable dags retrieved from /opt/airflow/dags/data_lake_pipeline.py
[2025-01-13T13:02:45.163+0000] {processor.py:175} INFO - Processing /opt/airflow/dags/data_lake_pipeline.py took 0.245 seconds
[2025-01-13T13:03:15.479+0000] {processor.py:153} INFO - Started process (PID=368) to work on /opt/airflow/dags/data_lake_pipeline.py
[2025-01-13T13:03:15.494+0000] {processor.py:743} INFO - Processing file /opt/airflow/dags/data_lake_pipeline.py for tasks to queue
[2025-01-13T13:03:15.508+0000] {logging_mixin.py:137} INFO - [2025-01-13T13:03:15.505+0000] {dagbag.py:538} INFO - Filling up the DagBag from /opt/airflow/dags/data_lake_pipeline.py
[2025-01-13T13:03:15.884+0000] {logging_mixin.py:137} INFO - [2025-01-13T13:03:15.877+0000] {dagbag.py:343} ERROR - Failed to import: /opt/airflow/dags/data_lake_pipeline.py
Traceback (most recent call last):
  File "/home/airflow/.local/lib/python3.7/site-packages/airflow/models/dagbag.py", line 339, in parse
    loader.exec_module(new_module)
  File "<frozen importlib._bootstrap_external>", line 728, in exec_module
  File "<frozen importlib._bootstrap>", line 219, in _call_with_frames_removed
  File "/opt/airflow/dags/data_lake_pipeline.py", line 6, in <module>
    import pymongo
ModuleNotFoundError: No module named 'pymongo'
[2025-01-13T13:03:15.885+0000] {processor.py:755} WARNING - No viable dags retrieved from /opt/airflow/dags/data_lake_pipeline.py
[2025-01-13T13:03:15.973+0000] {processor.py:175} INFO - Processing /opt/airflow/dags/data_lake_pipeline.py took 0.574 seconds
[2025-01-13T13:03:46.332+0000] {processor.py:153} INFO - Started process (PID=373) to work on /opt/airflow/dags/data_lake_pipeline.py
[2025-01-13T13:03:46.334+0000] {processor.py:743} INFO - Processing file /opt/airflow/dags/data_lake_pipeline.py for tasks to queue
[2025-01-13T13:03:46.336+0000] {logging_mixin.py:137} INFO - [2025-01-13T13:03:46.336+0000] {dagbag.py:538} INFO - Filling up the DagBag from /opt/airflow/dags/data_lake_pipeline.py
[2025-01-13T13:03:46.630+0000] {logging_mixin.py:137} INFO - [2025-01-13T13:03:46.629+0000] {dagbag.py:343} ERROR - Failed to import: /opt/airflow/dags/data_lake_pipeline.py
Traceback (most recent call last):
  File "/home/airflow/.local/lib/python3.7/site-packages/airflow/models/dagbag.py", line 339, in parse
    loader.exec_module(new_module)
  File "<frozen importlib._bootstrap_external>", line 728, in exec_module
  File "<frozen importlib._bootstrap>", line 219, in _call_with_frames_removed
  File "/opt/airflow/dags/data_lake_pipeline.py", line 6, in <module>
    import pymongo
ModuleNotFoundError: No module named 'pymongo'
[2025-01-13T13:03:46.631+0000] {processor.py:755} WARNING - No viable dags retrieved from /opt/airflow/dags/data_lake_pipeline.py
[2025-01-13T13:03:46.708+0000] {processor.py:175} INFO - Processing /opt/airflow/dags/data_lake_pipeline.py took 0.383 seconds
[2025-01-13T13:04:16.982+0000] {processor.py:153} INFO - Started process (PID=378) to work on /opt/airflow/dags/data_lake_pipeline.py
[2025-01-13T13:04:16.986+0000] {processor.py:743} INFO - Processing file /opt/airflow/dags/data_lake_pipeline.py for tasks to queue
[2025-01-13T13:04:16.987+0000] {logging_mixin.py:137} INFO - [2025-01-13T13:04:16.987+0000] {dagbag.py:538} INFO - Filling up the DagBag from /opt/airflow/dags/data_lake_pipeline.py
[2025-01-13T13:04:17.129+0000] {logging_mixin.py:137} INFO - [2025-01-13T13:04:17.128+0000] {dagbag.py:343} ERROR - Failed to import: /opt/airflow/dags/data_lake_pipeline.py
Traceback (most recent call last):
  File "/home/airflow/.local/lib/python3.7/site-packages/airflow/models/dagbag.py", line 339, in parse
    loader.exec_module(new_module)
  File "<frozen importlib._bootstrap_external>", line 728, in exec_module
  File "<frozen importlib._bootstrap>", line 219, in _call_with_frames_removed
  File "/opt/airflow/dags/data_lake_pipeline.py", line 6, in <module>
    import pymongo
ModuleNotFoundError: No module named 'pymongo'
[2025-01-13T13:04:17.130+0000] {processor.py:755} WARNING - No viable dags retrieved from /opt/airflow/dags/data_lake_pipeline.py
[2025-01-13T13:04:17.180+0000] {processor.py:175} INFO - Processing /opt/airflow/dags/data_lake_pipeline.py took 0.204 seconds
[2025-01-13T13:04:47.215+0000] {processor.py:153} INFO - Started process (PID=383) to work on /opt/airflow/dags/data_lake_pipeline.py
[2025-01-13T13:04:47.216+0000] {processor.py:743} INFO - Processing file /opt/airflow/dags/data_lake_pipeline.py for tasks to queue
[2025-01-13T13:04:47.217+0000] {logging_mixin.py:137} INFO - [2025-01-13T13:04:47.217+0000] {dagbag.py:538} INFO - Filling up the DagBag from /opt/airflow/dags/data_lake_pipeline.py
[2025-01-13T13:04:47.290+0000] {logging_mixin.py:137} INFO - [2025-01-13T13:04:47.290+0000] {dagbag.py:343} ERROR - Failed to import: /opt/airflow/dags/data_lake_pipeline.py
Traceback (most recent call last):
  File "/home/airflow/.local/lib/python3.7/site-packages/airflow/models/dagbag.py", line 339, in parse
    loader.exec_module(new_module)
  File "<frozen importlib._bootstrap_external>", line 728, in exec_module
  File "<frozen importlib._bootstrap>", line 219, in _call_with_frames_removed
  File "/opt/airflow/dags/data_lake_pipeline.py", line 6, in <module>
    import pymongo
ModuleNotFoundError: No module named 'pymongo'
[2025-01-13T13:04:47.291+0000] {processor.py:755} WARNING - No viable dags retrieved from /opt/airflow/dags/data_lake_pipeline.py
[2025-01-13T13:04:47.316+0000] {processor.py:175} INFO - Processing /opt/airflow/dags/data_lake_pipeline.py took 0.106 seconds
[2025-01-13T13:05:17.432+0000] {processor.py:153} INFO - Started process (PID=388) to work on /opt/airflow/dags/data_lake_pipeline.py
[2025-01-13T13:05:17.433+0000] {processor.py:743} INFO - Processing file /opt/airflow/dags/data_lake_pipeline.py for tasks to queue
[2025-01-13T13:05:17.434+0000] {logging_mixin.py:137} INFO - [2025-01-13T13:05:17.434+0000] {dagbag.py:538} INFO - Filling up the DagBag from /opt/airflow/dags/data_lake_pipeline.py
[2025-01-13T13:05:17.534+0000] {logging_mixin.py:137} INFO - [2025-01-13T13:05:17.533+0000] {dagbag.py:343} ERROR - Failed to import: /opt/airflow/dags/data_lake_pipeline.py
Traceback (most recent call last):
  File "/home/airflow/.local/lib/python3.7/site-packages/airflow/models/dagbag.py", line 339, in parse
    loader.exec_module(new_module)
  File "<frozen importlib._bootstrap_external>", line 728, in exec_module
  File "<frozen importlib._bootstrap>", line 219, in _call_with_frames_removed
  File "/opt/airflow/dags/data_lake_pipeline.py", line 6, in <module>
    import pymongo
ModuleNotFoundError: No module named 'pymongo'
[2025-01-13T13:05:17.535+0000] {processor.py:755} WARNING - No viable dags retrieved from /opt/airflow/dags/data_lake_pipeline.py
[2025-01-13T13:05:17.564+0000] {processor.py:175} INFO - Processing /opt/airflow/dags/data_lake_pipeline.py took 0.137 seconds
[2025-01-13T13:05:47.636+0000] {processor.py:153} INFO - Started process (PID=393) to work on /opt/airflow/dags/data_lake_pipeline.py
[2025-01-13T13:05:47.638+0000] {processor.py:743} INFO - Processing file /opt/airflow/dags/data_lake_pipeline.py for tasks to queue
[2025-01-13T13:05:47.640+0000] {logging_mixin.py:137} INFO - [2025-01-13T13:05:47.640+0000] {dagbag.py:538} INFO - Filling up the DagBag from /opt/airflow/dags/data_lake_pipeline.py
[2025-01-13T13:05:47.824+0000] {logging_mixin.py:137} INFO - [2025-01-13T13:05:47.822+0000] {dagbag.py:343} ERROR - Failed to import: /opt/airflow/dags/data_lake_pipeline.py
Traceback (most recent call last):
  File "/home/airflow/.local/lib/python3.7/site-packages/airflow/models/dagbag.py", line 339, in parse
    loader.exec_module(new_module)
  File "<frozen importlib._bootstrap_external>", line 728, in exec_module
  File "<frozen importlib._bootstrap>", line 219, in _call_with_frames_removed
  File "/opt/airflow/dags/data_lake_pipeline.py", line 6, in <module>
    import pymongo
ModuleNotFoundError: No module named 'pymongo'
[2025-01-13T13:05:47.825+0000] {processor.py:755} WARNING - No viable dags retrieved from /opt/airflow/dags/data_lake_pipeline.py
[2025-01-13T13:05:47.889+0000] {processor.py:175} INFO - Processing /opt/airflow/dags/data_lake_pipeline.py took 0.261 seconds
[2025-01-13T13:06:18.174+0000] {processor.py:153} INFO - Started process (PID=398) to work on /opt/airflow/dags/data_lake_pipeline.py
[2025-01-13T13:06:18.177+0000] {processor.py:743} INFO - Processing file /opt/airflow/dags/data_lake_pipeline.py for tasks to queue
[2025-01-13T13:06:18.180+0000] {logging_mixin.py:137} INFO - [2025-01-13T13:06:18.179+0000] {dagbag.py:538} INFO - Filling up the DagBag from /opt/airflow/dags/data_lake_pipeline.py
[2025-01-13T13:06:18.774+0000] {logging_mixin.py:137} INFO - [2025-01-13T13:06:18.768+0000] {dagbag.py:343} ERROR - Failed to import: /opt/airflow/dags/data_lake_pipeline.py
Traceback (most recent call last):
  File "/home/airflow/.local/lib/python3.7/site-packages/airflow/models/dagbag.py", line 339, in parse
    loader.exec_module(new_module)
  File "<frozen importlib._bootstrap_external>", line 728, in exec_module
  File "<frozen importlib._bootstrap>", line 219, in _call_with_frames_removed
  File "/opt/airflow/dags/data_lake_pipeline.py", line 6, in <module>
    import pymongo
ModuleNotFoundError: No module named 'pymongo'
[2025-01-13T13:06:18.775+0000] {processor.py:755} WARNING - No viable dags retrieved from /opt/airflow/dags/data_lake_pipeline.py
[2025-01-13T13:06:18.865+0000] {processor.py:175} INFO - Processing /opt/airflow/dags/data_lake_pipeline.py took 0.700 seconds
[2025-01-13T13:06:49.096+0000] {processor.py:153} INFO - Started process (PID=403) to work on /opt/airflow/dags/data_lake_pipeline.py
[2025-01-13T13:06:49.097+0000] {processor.py:743} INFO - Processing file /opt/airflow/dags/data_lake_pipeline.py for tasks to queue
[2025-01-13T13:06:49.098+0000] {logging_mixin.py:137} INFO - [2025-01-13T13:06:49.098+0000] {dagbag.py:538} INFO - Filling up the DagBag from /opt/airflow/dags/data_lake_pipeline.py
[2025-01-13T13:06:49.199+0000] {logging_mixin.py:137} INFO - [2025-01-13T13:06:49.198+0000] {dagbag.py:343} ERROR - Failed to import: /opt/airflow/dags/data_lake_pipeline.py
Traceback (most recent call last):
  File "/home/airflow/.local/lib/python3.7/site-packages/airflow/models/dagbag.py", line 339, in parse
    loader.exec_module(new_module)
  File "<frozen importlib._bootstrap_external>", line 728, in exec_module
  File "<frozen importlib._bootstrap>", line 219, in _call_with_frames_removed
  File "/opt/airflow/dags/data_lake_pipeline.py", line 6, in <module>
    import pymongo
ModuleNotFoundError: No module named 'pymongo'
[2025-01-13T13:06:49.200+0000] {processor.py:755} WARNING - No viable dags retrieved from /opt/airflow/dags/data_lake_pipeline.py
[2025-01-13T13:06:49.223+0000] {processor.py:175} INFO - Processing /opt/airflow/dags/data_lake_pipeline.py took 0.130 seconds
[2025-01-13T13:07:19.264+0000] {processor.py:153} INFO - Started process (PID=408) to work on /opt/airflow/dags/data_lake_pipeline.py
[2025-01-13T13:07:19.265+0000] {processor.py:743} INFO - Processing file /opt/airflow/dags/data_lake_pipeline.py for tasks to queue
[2025-01-13T13:07:19.266+0000] {logging_mixin.py:137} INFO - [2025-01-13T13:07:19.265+0000] {dagbag.py:538} INFO - Filling up the DagBag from /opt/airflow/dags/data_lake_pipeline.py
[2025-01-13T13:07:19.340+0000] {logging_mixin.py:137} INFO - [2025-01-13T13:07:19.339+0000] {dagbag.py:343} ERROR - Failed to import: /opt/airflow/dags/data_lake_pipeline.py
Traceback (most recent call last):
  File "/home/airflow/.local/lib/python3.7/site-packages/airflow/models/dagbag.py", line 339, in parse
    loader.exec_module(new_module)
  File "<frozen importlib._bootstrap_external>", line 728, in exec_module
  File "<frozen importlib._bootstrap>", line 219, in _call_with_frames_removed
  File "/opt/airflow/dags/data_lake_pipeline.py", line 6, in <module>
    import pymongo
ModuleNotFoundError: No module named 'pymongo'
[2025-01-13T13:07:19.341+0000] {processor.py:755} WARNING - No viable dags retrieved from /opt/airflow/dags/data_lake_pipeline.py
[2025-01-13T13:07:19.364+0000] {processor.py:175} INFO - Processing /opt/airflow/dags/data_lake_pipeline.py took 0.103 seconds
[2025-01-13T13:07:49.507+0000] {processor.py:153} INFO - Started process (PID=413) to work on /opt/airflow/dags/data_lake_pipeline.py
[2025-01-13T13:07:49.507+0000] {processor.py:743} INFO - Processing file /opt/airflow/dags/data_lake_pipeline.py for tasks to queue
[2025-01-13T13:07:49.508+0000] {logging_mixin.py:137} INFO - [2025-01-13T13:07:49.508+0000] {dagbag.py:538} INFO - Filling up the DagBag from /opt/airflow/dags/data_lake_pipeline.py
[2025-01-13T13:07:49.582+0000] {logging_mixin.py:137} INFO - [2025-01-13T13:07:49.580+0000] {dagbag.py:343} ERROR - Failed to import: /opt/airflow/dags/data_lake_pipeline.py
Traceback (most recent call last):
  File "/home/airflow/.local/lib/python3.7/site-packages/airflow/models/dagbag.py", line 339, in parse
    loader.exec_module(new_module)
  File "<frozen importlib._bootstrap_external>", line 728, in exec_module
  File "<frozen importlib._bootstrap>", line 219, in _call_with_frames_removed
  File "/opt/airflow/dags/data_lake_pipeline.py", line 6, in <module>
    import pymongo
ModuleNotFoundError: No module named 'pymongo'
[2025-01-13T13:07:49.582+0000] {processor.py:755} WARNING - No viable dags retrieved from /opt/airflow/dags/data_lake_pipeline.py
[2025-01-13T13:07:49.600+0000] {processor.py:175} INFO - Processing /opt/airflow/dags/data_lake_pipeline.py took 0.095 seconds
[2025-01-13T13:08:19.681+0000] {processor.py:153} INFO - Started process (PID=418) to work on /opt/airflow/dags/data_lake_pipeline.py
[2025-01-13T13:08:19.683+0000] {processor.py:743} INFO - Processing file /opt/airflow/dags/data_lake_pipeline.py for tasks to queue
[2025-01-13T13:08:19.684+0000] {logging_mixin.py:137} INFO - [2025-01-13T13:08:19.684+0000] {dagbag.py:538} INFO - Filling up the DagBag from /opt/airflow/dags/data_lake_pipeline.py
[2025-01-13T13:08:19.751+0000] {logging_mixin.py:137} INFO - [2025-01-13T13:08:19.749+0000] {dagbag.py:343} ERROR - Failed to import: /opt/airflow/dags/data_lake_pipeline.py
Traceback (most recent call last):
  File "/home/airflow/.local/lib/python3.7/site-packages/airflow/models/dagbag.py", line 339, in parse
    loader.exec_module(new_module)
  File "<frozen importlib._bootstrap_external>", line 728, in exec_module
  File "<frozen importlib._bootstrap>", line 219, in _call_with_frames_removed
  File "/opt/airflow/dags/data_lake_pipeline.py", line 6, in <module>
    import pymongo
ModuleNotFoundError: No module named 'pymongo'
[2025-01-13T13:08:19.751+0000] {processor.py:755} WARNING - No viable dags retrieved from /opt/airflow/dags/data_lake_pipeline.py
[2025-01-13T13:08:19.776+0000] {processor.py:175} INFO - Processing /opt/airflow/dags/data_lake_pipeline.py took 0.098 seconds
[2025-01-13T13:08:50.009+0000] {processor.py:153} INFO - Started process (PID=423) to work on /opt/airflow/dags/data_lake_pipeline.py
[2025-01-13T13:08:50.010+0000] {processor.py:743} INFO - Processing file /opt/airflow/dags/data_lake_pipeline.py for tasks to queue
[2025-01-13T13:08:50.010+0000] {logging_mixin.py:137} INFO - [2025-01-13T13:08:50.010+0000] {dagbag.py:538} INFO - Filling up the DagBag from /opt/airflow/dags/data_lake_pipeline.py
[2025-01-13T13:08:50.071+0000] {logging_mixin.py:137} INFO - [2025-01-13T13:08:50.070+0000] {dagbag.py:343} ERROR - Failed to import: /opt/airflow/dags/data_lake_pipeline.py
Traceback (most recent call last):
  File "/home/airflow/.local/lib/python3.7/site-packages/airflow/models/dagbag.py", line 339, in parse
    loader.exec_module(new_module)
  File "<frozen importlib._bootstrap_external>", line 728, in exec_module
  File "<frozen importlib._bootstrap>", line 219, in _call_with_frames_removed
  File "/opt/airflow/dags/data_lake_pipeline.py", line 6, in <module>
    import pymongo
ModuleNotFoundError: No module named 'pymongo'
[2025-01-13T13:08:50.072+0000] {processor.py:755} WARNING - No viable dags retrieved from /opt/airflow/dags/data_lake_pipeline.py
[2025-01-13T13:08:50.091+0000] {processor.py:175} INFO - Processing /opt/airflow/dags/data_lake_pipeline.py took 0.085 seconds
[2025-01-13T13:09:20.199+0000] {processor.py:153} INFO - Started process (PID=428) to work on /opt/airflow/dags/data_lake_pipeline.py
[2025-01-13T13:09:20.201+0000] {processor.py:743} INFO - Processing file /opt/airflow/dags/data_lake_pipeline.py for tasks to queue
[2025-01-13T13:09:20.201+0000] {logging_mixin.py:137} INFO - [2025-01-13T13:09:20.201+0000] {dagbag.py:538} INFO - Filling up the DagBag from /opt/airflow/dags/data_lake_pipeline.py
[2025-01-13T13:09:20.255+0000] {logging_mixin.py:137} INFO - [2025-01-13T13:09:20.254+0000] {dagbag.py:343} ERROR - Failed to import: /opt/airflow/dags/data_lake_pipeline.py
Traceback (most recent call last):
  File "/home/airflow/.local/lib/python3.7/site-packages/airflow/models/dagbag.py", line 339, in parse
    loader.exec_module(new_module)
  File "<frozen importlib._bootstrap_external>", line 728, in exec_module
  File "<frozen importlib._bootstrap>", line 219, in _call_with_frames_removed
  File "/opt/airflow/dags/data_lake_pipeline.py", line 6, in <module>
    import pymongo
ModuleNotFoundError: No module named 'pymongo'
[2025-01-13T13:09:20.255+0000] {processor.py:755} WARNING - No viable dags retrieved from /opt/airflow/dags/data_lake_pipeline.py
[2025-01-13T13:09:20.274+0000] {processor.py:175} INFO - Processing /opt/airflow/dags/data_lake_pipeline.py took 0.077 seconds
[2025-01-13T13:31:40.077+0000] {processor.py:153} INFO - Started process (PID=433) to work on /opt/airflow/dags/data_lake_pipeline.py
[2025-01-13T13:31:40.078+0000] {processor.py:743} INFO - Processing file /opt/airflow/dags/data_lake_pipeline.py for tasks to queue
[2025-01-13T13:31:40.079+0000] {logging_mixin.py:137} INFO - [2025-01-13T13:31:40.079+0000] {dagbag.py:538} INFO - Filling up the DagBag from /opt/airflow/dags/data_lake_pipeline.py
[2025-01-13T13:31:40.170+0000] {logging_mixin.py:137} INFO - [2025-01-13T13:31:40.168+0000] {dagbag.py:343} ERROR - Failed to import: /opt/airflow/dags/data_lake_pipeline.py
Traceback (most recent call last):
  File "/home/airflow/.local/lib/python3.7/site-packages/airflow/models/dagbag.py", line 339, in parse
    loader.exec_module(new_module)
  File "<frozen importlib._bootstrap_external>", line 728, in exec_module
  File "<frozen importlib._bootstrap>", line 219, in _call_with_frames_removed
  File "/opt/airflow/dags/data_lake_pipeline.py", line 6, in <module>
    import pymongo
ModuleNotFoundError: No module named 'pymongo'
[2025-01-13T13:31:40.171+0000] {processor.py:755} WARNING - No viable dags retrieved from /opt/airflow/dags/data_lake_pipeline.py
[2025-01-13T13:31:40.193+0000] {processor.py:175} INFO - Processing /opt/airflow/dags/data_lake_pipeline.py took 0.119 seconds
[2025-01-13T13:32:10.253+0000] {processor.py:153} INFO - Started process (PID=440) to work on /opt/airflow/dags/data_lake_pipeline.py
[2025-01-13T13:32:10.254+0000] {processor.py:743} INFO - Processing file /opt/airflow/dags/data_lake_pipeline.py for tasks to queue
[2025-01-13T13:32:10.255+0000] {logging_mixin.py:137} INFO - [2025-01-13T13:32:10.255+0000] {dagbag.py:538} INFO - Filling up the DagBag from /opt/airflow/dags/data_lake_pipeline.py
[2025-01-13T13:32:10.357+0000] {logging_mixin.py:137} INFO - [2025-01-13T13:32:10.356+0000] {dagbag.py:343} ERROR - Failed to import: /opt/airflow/dags/data_lake_pipeline.py
Traceback (most recent call last):
  File "/home/airflow/.local/lib/python3.7/site-packages/airflow/models/dagbag.py", line 339, in parse
    loader.exec_module(new_module)
  File "<frozen importlib._bootstrap_external>", line 728, in exec_module
  File "<frozen importlib._bootstrap>", line 219, in _call_with_frames_removed
  File "/opt/airflow/dags/data_lake_pipeline.py", line 6, in <module>
    import pymongo
ModuleNotFoundError: No module named 'pymongo'
[2025-01-13T13:32:10.358+0000] {processor.py:755} WARNING - No viable dags retrieved from /opt/airflow/dags/data_lake_pipeline.py
[2025-01-13T13:32:10.385+0000] {processor.py:175} INFO - Processing /opt/airflow/dags/data_lake_pipeline.py took 0.135 seconds
[2025-01-13T13:32:40.535+0000] {processor.py:153} INFO - Started process (PID=445) to work on /opt/airflow/dags/data_lake_pipeline.py
[2025-01-13T13:32:40.535+0000] {processor.py:743} INFO - Processing file /opt/airflow/dags/data_lake_pipeline.py for tasks to queue
[2025-01-13T13:32:40.536+0000] {logging_mixin.py:137} INFO - [2025-01-13T13:32:40.536+0000] {dagbag.py:538} INFO - Filling up the DagBag from /opt/airflow/dags/data_lake_pipeline.py
[2025-01-13T13:32:40.591+0000] {logging_mixin.py:137} INFO - [2025-01-13T13:32:40.591+0000] {dagbag.py:343} ERROR - Failed to import: /opt/airflow/dags/data_lake_pipeline.py
Traceback (most recent call last):
  File "/home/airflow/.local/lib/python3.7/site-packages/airflow/models/dagbag.py", line 339, in parse
    loader.exec_module(new_module)
  File "<frozen importlib._bootstrap_external>", line 728, in exec_module
  File "<frozen importlib._bootstrap>", line 219, in _call_with_frames_removed
  File "/opt/airflow/dags/data_lake_pipeline.py", line 6, in <module>
    import pymongo
ModuleNotFoundError: No module named 'pymongo'
[2025-01-13T13:32:40.592+0000] {processor.py:755} WARNING - No viable dags retrieved from /opt/airflow/dags/data_lake_pipeline.py
[2025-01-13T13:32:40.609+0000] {processor.py:175} INFO - Processing /opt/airflow/dags/data_lake_pipeline.py took 0.076 seconds
[2025-01-13T13:33:10.733+0000] {processor.py:153} INFO - Started process (PID=450) to work on /opt/airflow/dags/data_lake_pipeline.py
[2025-01-13T13:33:10.735+0000] {processor.py:743} INFO - Processing file /opt/airflow/dags/data_lake_pipeline.py for tasks to queue
[2025-01-13T13:33:10.736+0000] {logging_mixin.py:137} INFO - [2025-01-13T13:33:10.736+0000] {dagbag.py:538} INFO - Filling up the DagBag from /opt/airflow/dags/data_lake_pipeline.py
[2025-01-13T13:33:10.789+0000] {logging_mixin.py:137} INFO - [2025-01-13T13:33:10.788+0000] {dagbag.py:343} ERROR - Failed to import: /opt/airflow/dags/data_lake_pipeline.py
Traceback (most recent call last):
  File "/home/airflow/.local/lib/python3.7/site-packages/airflow/models/dagbag.py", line 339, in parse
    loader.exec_module(new_module)
  File "<frozen importlib._bootstrap_external>", line 728, in exec_module
  File "<frozen importlib._bootstrap>", line 219, in _call_with_frames_removed
  File "/opt/airflow/dags/data_lake_pipeline.py", line 6, in <module>
    import pymongo
ModuleNotFoundError: No module named 'pymongo'
[2025-01-13T13:33:10.789+0000] {processor.py:755} WARNING - No viable dags retrieved from /opt/airflow/dags/data_lake_pipeline.py
[2025-01-13T13:33:10.807+0000] {processor.py:175} INFO - Processing /opt/airflow/dags/data_lake_pipeline.py took 0.077 seconds
[2025-01-13T13:33:40.931+0000] {processor.py:153} INFO - Started process (PID=455) to work on /opt/airflow/dags/data_lake_pipeline.py
[2025-01-13T13:33:40.932+0000] {processor.py:743} INFO - Processing file /opt/airflow/dags/data_lake_pipeline.py for tasks to queue
[2025-01-13T13:33:40.933+0000] {logging_mixin.py:137} INFO - [2025-01-13T13:33:40.933+0000] {dagbag.py:538} INFO - Filling up the DagBag from /opt/airflow/dags/data_lake_pipeline.py
[2025-01-13T13:33:40.983+0000] {logging_mixin.py:137} INFO - [2025-01-13T13:33:40.983+0000] {dagbag.py:343} ERROR - Failed to import: /opt/airflow/dags/data_lake_pipeline.py
Traceback (most recent call last):
  File "/home/airflow/.local/lib/python3.7/site-packages/airflow/models/dagbag.py", line 339, in parse
    loader.exec_module(new_module)
  File "<frozen importlib._bootstrap_external>", line 728, in exec_module
  File "<frozen importlib._bootstrap>", line 219, in _call_with_frames_removed
  File "/opt/airflow/dags/data_lake_pipeline.py", line 6, in <module>
    import pymongo
ModuleNotFoundError: No module named 'pymongo'
[2025-01-13T13:33:40.984+0000] {processor.py:755} WARNING - No viable dags retrieved from /opt/airflow/dags/data_lake_pipeline.py
[2025-01-13T13:33:41.000+0000] {processor.py:175} INFO - Processing /opt/airflow/dags/data_lake_pipeline.py took 0.073 seconds
[2025-01-13T13:34:11.135+0000] {processor.py:153} INFO - Started process (PID=460) to work on /opt/airflow/dags/data_lake_pipeline.py
[2025-01-13T13:34:11.136+0000] {processor.py:743} INFO - Processing file /opt/airflow/dags/data_lake_pipeline.py for tasks to queue
[2025-01-13T13:34:11.138+0000] {logging_mixin.py:137} INFO - [2025-01-13T13:34:11.137+0000] {dagbag.py:538} INFO - Filling up the DagBag from /opt/airflow/dags/data_lake_pipeline.py
[2025-01-13T13:34:11.192+0000] {logging_mixin.py:137} INFO - [2025-01-13T13:34:11.192+0000] {dagbag.py:343} ERROR - Failed to import: /opt/airflow/dags/data_lake_pipeline.py
Traceback (most recent call last):
  File "/home/airflow/.local/lib/python3.7/site-packages/airflow/models/dagbag.py", line 339, in parse
    loader.exec_module(new_module)
  File "<frozen importlib._bootstrap_external>", line 728, in exec_module
  File "<frozen importlib._bootstrap>", line 219, in _call_with_frames_removed
  File "/opt/airflow/dags/data_lake_pipeline.py", line 6, in <module>
    import pymongo
ModuleNotFoundError: No module named 'pymongo'
[2025-01-13T13:34:11.193+0000] {processor.py:755} WARNING - No viable dags retrieved from /opt/airflow/dags/data_lake_pipeline.py
[2025-01-13T13:34:11.206+0000] {processor.py:175} INFO - Processing /opt/airflow/dags/data_lake_pipeline.py took 0.074 seconds
[2025-01-13T13:34:41.314+0000] {processor.py:153} INFO - Started process (PID=465) to work on /opt/airflow/dags/data_lake_pipeline.py
[2025-01-13T13:34:41.315+0000] {processor.py:743} INFO - Processing file /opt/airflow/dags/data_lake_pipeline.py for tasks to queue
[2025-01-13T13:34:41.315+0000] {logging_mixin.py:137} INFO - [2025-01-13T13:34:41.315+0000] {dagbag.py:538} INFO - Filling up the DagBag from /opt/airflow/dags/data_lake_pipeline.py
[2025-01-13T13:34:41.364+0000] {logging_mixin.py:137} INFO - [2025-01-13T13:34:41.364+0000] {dagbag.py:343} ERROR - Failed to import: /opt/airflow/dags/data_lake_pipeline.py
Traceback (most recent call last):
  File "/home/airflow/.local/lib/python3.7/site-packages/airflow/models/dagbag.py", line 339, in parse
    loader.exec_module(new_module)
  File "<frozen importlib._bootstrap_external>", line 728, in exec_module
  File "<frozen importlib._bootstrap>", line 219, in _call_with_frames_removed
  File "/opt/airflow/dags/data_lake_pipeline.py", line 6, in <module>
    import pymongo
ModuleNotFoundError: No module named 'pymongo'
[2025-01-13T13:34:41.365+0000] {processor.py:755} WARNING - No viable dags retrieved from /opt/airflow/dags/data_lake_pipeline.py
[2025-01-13T13:34:41.388+0000] {processor.py:175} INFO - Processing /opt/airflow/dags/data_lake_pipeline.py took 0.076 seconds
[2025-01-13T13:35:11.517+0000] {processor.py:153} INFO - Started process (PID=470) to work on /opt/airflow/dags/data_lake_pipeline.py
[2025-01-13T13:35:11.519+0000] {processor.py:743} INFO - Processing file /opt/airflow/dags/data_lake_pipeline.py for tasks to queue
[2025-01-13T13:35:11.519+0000] {logging_mixin.py:137} INFO - [2025-01-13T13:35:11.519+0000] {dagbag.py:538} INFO - Filling up the DagBag from /opt/airflow/dags/data_lake_pipeline.py
[2025-01-13T13:35:11.576+0000] {logging_mixin.py:137} INFO - [2025-01-13T13:35:11.576+0000] {dagbag.py:343} ERROR - Failed to import: /opt/airflow/dags/data_lake_pipeline.py
Traceback (most recent call last):
  File "/home/airflow/.local/lib/python3.7/site-packages/airflow/models/dagbag.py", line 339, in parse
    loader.exec_module(new_module)
  File "<frozen importlib._bootstrap_external>", line 728, in exec_module
  File "<frozen importlib._bootstrap>", line 219, in _call_with_frames_removed
  File "/opt/airflow/dags/data_lake_pipeline.py", line 6, in <module>
    import pymongo
ModuleNotFoundError: No module named 'pymongo'
[2025-01-13T13:35:11.576+0000] {processor.py:755} WARNING - No viable dags retrieved from /opt/airflow/dags/data_lake_pipeline.py
[2025-01-13T13:35:11.595+0000] {processor.py:175} INFO - Processing /opt/airflow/dags/data_lake_pipeline.py took 0.082 seconds
[2025-01-13T13:35:41.720+0000] {processor.py:153} INFO - Started process (PID=475) to work on /opt/airflow/dags/data_lake_pipeline.py
[2025-01-13T13:35:41.720+0000] {processor.py:743} INFO - Processing file /opt/airflow/dags/data_lake_pipeline.py for tasks to queue
[2025-01-13T13:35:41.721+0000] {logging_mixin.py:137} INFO - [2025-01-13T13:35:41.721+0000] {dagbag.py:538} INFO - Filling up the DagBag from /opt/airflow/dags/data_lake_pipeline.py
[2025-01-13T13:35:41.769+0000] {logging_mixin.py:137} INFO - [2025-01-13T13:35:41.768+0000] {dagbag.py:343} ERROR - Failed to import: /opt/airflow/dags/data_lake_pipeline.py
Traceback (most recent call last):
  File "/home/airflow/.local/lib/python3.7/site-packages/airflow/models/dagbag.py", line 339, in parse
    loader.exec_module(new_module)
  File "<frozen importlib._bootstrap_external>", line 728, in exec_module
  File "<frozen importlib._bootstrap>", line 219, in _call_with_frames_removed
  File "/opt/airflow/dags/data_lake_pipeline.py", line 6, in <module>
    import pymongo
ModuleNotFoundError: No module named 'pymongo'
[2025-01-13T13:35:41.769+0000] {processor.py:755} WARNING - No viable dags retrieved from /opt/airflow/dags/data_lake_pipeline.py
[2025-01-13T13:35:41.786+0000] {processor.py:175} INFO - Processing /opt/airflow/dags/data_lake_pipeline.py took 0.069 seconds
[2025-01-13T13:36:11.942+0000] {processor.py:153} INFO - Started process (PID=480) to work on /opt/airflow/dags/data_lake_pipeline.py
[2025-01-13T13:36:11.945+0000] {processor.py:743} INFO - Processing file /opt/airflow/dags/data_lake_pipeline.py for tasks to queue
[2025-01-13T13:36:11.946+0000] {logging_mixin.py:137} INFO - [2025-01-13T13:36:11.946+0000] {dagbag.py:538} INFO - Filling up the DagBag from /opt/airflow/dags/data_lake_pipeline.py
[2025-01-13T13:36:11.997+0000] {logging_mixin.py:137} INFO - [2025-01-13T13:36:11.996+0000] {dagbag.py:343} ERROR - Failed to import: /opt/airflow/dags/data_lake_pipeline.py
Traceback (most recent call last):
  File "/home/airflow/.local/lib/python3.7/site-packages/airflow/models/dagbag.py", line 339, in parse
    loader.exec_module(new_module)
  File "<frozen importlib._bootstrap_external>", line 728, in exec_module
  File "<frozen importlib._bootstrap>", line 219, in _call_with_frames_removed
  File "/opt/airflow/dags/data_lake_pipeline.py", line 6, in <module>
    import pymongo
ModuleNotFoundError: No module named 'pymongo'
[2025-01-13T13:36:11.997+0000] {processor.py:755} WARNING - No viable dags retrieved from /opt/airflow/dags/data_lake_pipeline.py
[2025-01-13T13:36:12.013+0000] {processor.py:175} INFO - Processing /opt/airflow/dags/data_lake_pipeline.py took 0.073 seconds
[2025-01-13T13:36:42.174+0000] {processor.py:153} INFO - Started process (PID=485) to work on /opt/airflow/dags/data_lake_pipeline.py
[2025-01-13T13:36:42.176+0000] {processor.py:743} INFO - Processing file /opt/airflow/dags/data_lake_pipeline.py for tasks to queue
[2025-01-13T13:36:42.178+0000] {logging_mixin.py:137} INFO - [2025-01-13T13:36:42.178+0000] {dagbag.py:538} INFO - Filling up the DagBag from /opt/airflow/dags/data_lake_pipeline.py
[2025-01-13T13:36:42.350+0000] {logging_mixin.py:137} INFO - [2025-01-13T13:36:42.348+0000] {dagbag.py:343} ERROR - Failed to import: /opt/airflow/dags/data_lake_pipeline.py
Traceback (most recent call last):
  File "/home/airflow/.local/lib/python3.7/site-packages/airflow/models/dagbag.py", line 339, in parse
    loader.exec_module(new_module)
  File "<frozen importlib._bootstrap_external>", line 728, in exec_module
  File "<frozen importlib._bootstrap>", line 219, in _call_with_frames_removed
  File "/opt/airflow/dags/data_lake_pipeline.py", line 6, in <module>
    import pymongo
ModuleNotFoundError: No module named 'pymongo'
[2025-01-13T13:36:42.352+0000] {processor.py:755} WARNING - No viable dags retrieved from /opt/airflow/dags/data_lake_pipeline.py
[2025-01-13T13:36:42.403+0000] {processor.py:175} INFO - Processing /opt/airflow/dags/data_lake_pipeline.py took 0.235 seconds
[2025-01-13T13:37:12.588+0000] {processor.py:153} INFO - Started process (PID=490) to work on /opt/airflow/dags/data_lake_pipeline.py
[2025-01-13T13:37:12.591+0000] {processor.py:743} INFO - Processing file /opt/airflow/dags/data_lake_pipeline.py for tasks to queue
[2025-01-13T13:37:12.591+0000] {logging_mixin.py:137} INFO - [2025-01-13T13:37:12.591+0000] {dagbag.py:538} INFO - Filling up the DagBag from /opt/airflow/dags/data_lake_pipeline.py
[2025-01-13T13:37:12.644+0000] {logging_mixin.py:137} INFO - [2025-01-13T13:37:12.644+0000] {dagbag.py:343} ERROR - Failed to import: /opt/airflow/dags/data_lake_pipeline.py
Traceback (most recent call last):
  File "/home/airflow/.local/lib/python3.7/site-packages/airflow/models/dagbag.py", line 339, in parse
    loader.exec_module(new_module)
  File "<frozen importlib._bootstrap_external>", line 728, in exec_module
  File "<frozen importlib._bootstrap>", line 219, in _call_with_frames_removed
  File "/opt/airflow/dags/data_lake_pipeline.py", line 6, in <module>
    import pymongo
ModuleNotFoundError: No module named 'pymongo'
[2025-01-13T13:37:12.644+0000] {processor.py:755} WARNING - No viable dags retrieved from /opt/airflow/dags/data_lake_pipeline.py
[2025-01-13T13:37:12.660+0000] {processor.py:175} INFO - Processing /opt/airflow/dags/data_lake_pipeline.py took 0.075 seconds
[2025-01-13T13:37:42.756+0000] {processor.py:153} INFO - Started process (PID=495) to work on /opt/airflow/dags/data_lake_pipeline.py
[2025-01-13T13:37:42.757+0000] {processor.py:743} INFO - Processing file /opt/airflow/dags/data_lake_pipeline.py for tasks to queue
[2025-01-13T13:37:42.759+0000] {logging_mixin.py:137} INFO - [2025-01-13T13:37:42.759+0000] {dagbag.py:538} INFO - Filling up the DagBag from /opt/airflow/dags/data_lake_pipeline.py
[2025-01-13T13:37:42.833+0000] {logging_mixin.py:137} INFO - [2025-01-13T13:37:42.833+0000] {dagbag.py:343} ERROR - Failed to import: /opt/airflow/dags/data_lake_pipeline.py
Traceback (most recent call last):
  File "/home/airflow/.local/lib/python3.7/site-packages/airflow/models/dagbag.py", line 339, in parse
    loader.exec_module(new_module)
  File "<frozen importlib._bootstrap_external>", line 728, in exec_module
  File "<frozen importlib._bootstrap>", line 219, in _call_with_frames_removed
  File "/opt/airflow/dags/data_lake_pipeline.py", line 6, in <module>
    import pymongo
ModuleNotFoundError: No module named 'pymongo'
[2025-01-13T13:37:42.834+0000] {processor.py:755} WARNING - No viable dags retrieved from /opt/airflow/dags/data_lake_pipeline.py
[2025-01-13T13:37:42.853+0000] {processor.py:175} INFO - Processing /opt/airflow/dags/data_lake_pipeline.py took 0.099 seconds
[2025-01-13T13:38:12.947+0000] {processor.py:153} INFO - Started process (PID=500) to work on /opt/airflow/dags/data_lake_pipeline.py
[2025-01-13T13:38:12.949+0000] {processor.py:743} INFO - Processing file /opt/airflow/dags/data_lake_pipeline.py for tasks to queue
[2025-01-13T13:38:12.949+0000] {logging_mixin.py:137} INFO - [2025-01-13T13:38:12.949+0000] {dagbag.py:538} INFO - Filling up the DagBag from /opt/airflow/dags/data_lake_pipeline.py
[2025-01-13T13:38:13.016+0000] {logging_mixin.py:137} INFO - [2025-01-13T13:38:13.015+0000] {dagbag.py:343} ERROR - Failed to import: /opt/airflow/dags/data_lake_pipeline.py
Traceback (most recent call last):
  File "/home/airflow/.local/lib/python3.7/site-packages/airflow/models/dagbag.py", line 339, in parse
    loader.exec_module(new_module)
  File "<frozen importlib._bootstrap_external>", line 728, in exec_module
  File "<frozen importlib._bootstrap>", line 219, in _call_with_frames_removed
  File "/opt/airflow/dags/data_lake_pipeline.py", line 6, in <module>
    import pymongo
ModuleNotFoundError: No module named 'pymongo'
[2025-01-13T13:38:13.016+0000] {processor.py:755} WARNING - No viable dags retrieved from /opt/airflow/dags/data_lake_pipeline.py
[2025-01-13T13:38:13.034+0000] {processor.py:175} INFO - Processing /opt/airflow/dags/data_lake_pipeline.py took 0.090 seconds
[2025-01-13T13:38:43.155+0000] {processor.py:153} INFO - Started process (PID=505) to work on /opt/airflow/dags/data_lake_pipeline.py
[2025-01-13T13:38:43.156+0000] {processor.py:743} INFO - Processing file /opt/airflow/dags/data_lake_pipeline.py for tasks to queue
[2025-01-13T13:38:43.156+0000] {logging_mixin.py:137} INFO - [2025-01-13T13:38:43.156+0000] {dagbag.py:538} INFO - Filling up the DagBag from /opt/airflow/dags/data_lake_pipeline.py
[2025-01-13T13:38:43.209+0000] {logging_mixin.py:137} INFO - [2025-01-13T13:38:43.209+0000] {dagbag.py:343} ERROR - Failed to import: /opt/airflow/dags/data_lake_pipeline.py
Traceback (most recent call last):
  File "/home/airflow/.local/lib/python3.7/site-packages/airflow/models/dagbag.py", line 339, in parse
    loader.exec_module(new_module)
  File "<frozen importlib._bootstrap_external>", line 728, in exec_module
  File "<frozen importlib._bootstrap>", line 219, in _call_with_frames_removed
  File "/opt/airflow/dags/data_lake_pipeline.py", line 6, in <module>
    import pymongo
ModuleNotFoundError: No module named 'pymongo'
[2025-01-13T13:38:43.210+0000] {processor.py:755} WARNING - No viable dags retrieved from /opt/airflow/dags/data_lake_pipeline.py
[2025-01-13T13:38:43.224+0000] {processor.py:175} INFO - Processing /opt/airflow/dags/data_lake_pipeline.py took 0.072 seconds
[2025-01-13T13:39:13.587+0000] {processor.py:153} INFO - Started process (PID=510) to work on /opt/airflow/dags/data_lake_pipeline.py
[2025-01-13T13:39:13.605+0000] {processor.py:743} INFO - Processing file /opt/airflow/dags/data_lake_pipeline.py for tasks to queue
[2025-01-13T13:39:13.616+0000] {logging_mixin.py:137} INFO - [2025-01-13T13:39:13.614+0000] {dagbag.py:538} INFO - Filling up the DagBag from /opt/airflow/dags/data_lake_pipeline.py
[2025-01-13T13:39:15.453+0000] {logging_mixin.py:137} INFO - [2025-01-13T13:39:15.418+0000] {dagbag.py:343} ERROR - Failed to import: /opt/airflow/dags/data_lake_pipeline.py
Traceback (most recent call last):
  File "/home/airflow/.local/lib/python3.7/site-packages/airflow/models/dagbag.py", line 339, in parse
    loader.exec_module(new_module)
  File "<frozen importlib._bootstrap_external>", line 728, in exec_module
  File "<frozen importlib._bootstrap>", line 219, in _call_with_frames_removed
  File "/opt/airflow/dags/data_lake_pipeline.py", line 6, in <module>
    import pymongo
ModuleNotFoundError: No module named 'pymongo'
[2025-01-13T13:39:15.457+0000] {processor.py:755} WARNING - No viable dags retrieved from /opt/airflow/dags/data_lake_pipeline.py
[2025-01-13T13:39:15.970+0000] {processor.py:175} INFO - Processing /opt/airflow/dags/data_lake_pipeline.py took 2.467 seconds
[2025-01-13T13:39:46.354+0000] {processor.py:153} INFO - Started process (PID=515) to work on /opt/airflow/dags/data_lake_pipeline.py
[2025-01-13T13:39:46.372+0000] {processor.py:743} INFO - Processing file /opt/airflow/dags/data_lake_pipeline.py for tasks to queue
[2025-01-13T13:39:46.377+0000] {logging_mixin.py:137} INFO - [2025-01-13T13:39:46.376+0000] {dagbag.py:538} INFO - Filling up the DagBag from /opt/airflow/dags/data_lake_pipeline.py
[2025-01-13T13:39:46.747+0000] {logging_mixin.py:137} INFO - [2025-01-13T13:39:46.742+0000] {dagbag.py:343} ERROR - Failed to import: /opt/airflow/dags/data_lake_pipeline.py
Traceback (most recent call last):
  File "/home/airflow/.local/lib/python3.7/site-packages/airflow/models/dagbag.py", line 339, in parse
    loader.exec_module(new_module)
  File "<frozen importlib._bootstrap_external>", line 728, in exec_module
  File "<frozen importlib._bootstrap>", line 219, in _call_with_frames_removed
  File "/opt/airflow/dags/data_lake_pipeline.py", line 6, in <module>
    import pymongo
ModuleNotFoundError: No module named 'pymongo'
[2025-01-13T13:39:46.747+0000] {processor.py:755} WARNING - No viable dags retrieved from /opt/airflow/dags/data_lake_pipeline.py
[2025-01-13T13:39:46.837+0000] {processor.py:175} INFO - Processing /opt/airflow/dags/data_lake_pipeline.py took 0.543 seconds
[2025-01-13T13:40:16.998+0000] {processor.py:153} INFO - Started process (PID=520) to work on /opt/airflow/dags/data_lake_pipeline.py
[2025-01-13T13:40:16.999+0000] {processor.py:743} INFO - Processing file /opt/airflow/dags/data_lake_pipeline.py for tasks to queue
[2025-01-13T13:40:17.000+0000] {logging_mixin.py:137} INFO - [2025-01-13T13:40:17.000+0000] {dagbag.py:538} INFO - Filling up the DagBag from /opt/airflow/dags/data_lake_pipeline.py
[2025-01-13T13:40:17.215+0000] {logging_mixin.py:137} INFO - [2025-01-13T13:40:17.211+0000] {dagbag.py:343} ERROR - Failed to import: /opt/airflow/dags/data_lake_pipeline.py
Traceback (most recent call last):
  File "/home/airflow/.local/lib/python3.7/site-packages/airflow/models/dagbag.py", line 339, in parse
    loader.exec_module(new_module)
  File "<frozen importlib._bootstrap_external>", line 728, in exec_module
  File "<frozen importlib._bootstrap>", line 219, in _call_with_frames_removed
  File "/opt/airflow/dags/data_lake_pipeline.py", line 6, in <module>
    import pymongo
ModuleNotFoundError: No module named 'pymongo'
[2025-01-13T13:40:17.216+0000] {processor.py:755} WARNING - No viable dags retrieved from /opt/airflow/dags/data_lake_pipeline.py
[2025-01-13T13:40:17.261+0000] {processor.py:175} INFO - Processing /opt/airflow/dags/data_lake_pipeline.py took 0.268 seconds
[2025-01-13T13:40:47.429+0000] {processor.py:153} INFO - Started process (PID=525) to work on /opt/airflow/dags/data_lake_pipeline.py
[2025-01-13T13:40:47.431+0000] {processor.py:743} INFO - Processing file /opt/airflow/dags/data_lake_pipeline.py for tasks to queue
[2025-01-13T13:40:47.432+0000] {logging_mixin.py:137} INFO - [2025-01-13T13:40:47.432+0000] {dagbag.py:538} INFO - Filling up the DagBag from /opt/airflow/dags/data_lake_pipeline.py
[2025-01-13T13:40:47.491+0000] {logging_mixin.py:137} INFO - [2025-01-13T13:40:47.489+0000] {dagbag.py:343} ERROR - Failed to import: /opt/airflow/dags/data_lake_pipeline.py
Traceback (most recent call last):
  File "/home/airflow/.local/lib/python3.7/site-packages/airflow/models/dagbag.py", line 339, in parse
    loader.exec_module(new_module)
  File "<frozen importlib._bootstrap_external>", line 728, in exec_module
  File "<frozen importlib._bootstrap>", line 219, in _call_with_frames_removed
  File "/opt/airflow/dags/data_lake_pipeline.py", line 6, in <module>
    import pymongo
ModuleNotFoundError: No module named 'pymongo'
[2025-01-13T13:40:47.491+0000] {processor.py:755} WARNING - No viable dags retrieved from /opt/airflow/dags/data_lake_pipeline.py
[2025-01-13T13:40:47.507+0000] {processor.py:175} INFO - Processing /opt/airflow/dags/data_lake_pipeline.py took 0.081 seconds
[2025-01-13T13:41:17.611+0000] {processor.py:153} INFO - Started process (PID=530) to work on /opt/airflow/dags/data_lake_pipeline.py
[2025-01-13T13:41:17.612+0000] {processor.py:743} INFO - Processing file /opt/airflow/dags/data_lake_pipeline.py for tasks to queue
[2025-01-13T13:41:17.613+0000] {logging_mixin.py:137} INFO - [2025-01-13T13:41:17.613+0000] {dagbag.py:538} INFO - Filling up the DagBag from /opt/airflow/dags/data_lake_pipeline.py
[2025-01-13T13:41:17.884+0000] {logging_mixin.py:137} INFO - [2025-01-13T13:41:17.883+0000] {dagbag.py:343} ERROR - Failed to import: /opt/airflow/dags/data_lake_pipeline.py
Traceback (most recent call last):
  File "/home/airflow/.local/lib/python3.7/site-packages/airflow/models/dagbag.py", line 339, in parse
    loader.exec_module(new_module)
  File "<frozen importlib._bootstrap_external>", line 728, in exec_module
  File "<frozen importlib._bootstrap>", line 219, in _call_with_frames_removed
  File "/opt/airflow/dags/data_lake_pipeline.py", line 6, in <module>
    import pymongo
ModuleNotFoundError: No module named 'pymongo'
[2025-01-13T13:41:17.884+0000] {processor.py:755} WARNING - No viable dags retrieved from /opt/airflow/dags/data_lake_pipeline.py
[2025-01-13T13:41:17.972+0000] {processor.py:175} INFO - Processing /opt/airflow/dags/data_lake_pipeline.py took 0.365 seconds
[2025-01-13T13:41:48.260+0000] {processor.py:153} INFO - Started process (PID=535) to work on /opt/airflow/dags/data_lake_pipeline.py
[2025-01-13T13:41:48.261+0000] {processor.py:743} INFO - Processing file /opt/airflow/dags/data_lake_pipeline.py for tasks to queue
[2025-01-13T13:41:48.262+0000] {logging_mixin.py:137} INFO - [2025-01-13T13:41:48.262+0000] {dagbag.py:538} INFO - Filling up the DagBag from /opt/airflow/dags/data_lake_pipeline.py
[2025-01-13T13:41:48.331+0000] {logging_mixin.py:137} INFO - [2025-01-13T13:41:48.330+0000] {dagbag.py:343} ERROR - Failed to import: /opt/airflow/dags/data_lake_pipeline.py
Traceback (most recent call last):
  File "/home/airflow/.local/lib/python3.7/site-packages/airflow/models/dagbag.py", line 339, in parse
    loader.exec_module(new_module)
  File "<frozen importlib._bootstrap_external>", line 728, in exec_module
  File "<frozen importlib._bootstrap>", line 219, in _call_with_frames_removed
  File "/opt/airflow/dags/data_lake_pipeline.py", line 6, in <module>
    import pymongo
ModuleNotFoundError: No module named 'pymongo'
[2025-01-13T13:41:48.331+0000] {processor.py:755} WARNING - No viable dags retrieved from /opt/airflow/dags/data_lake_pipeline.py
[2025-01-13T13:41:48.374+0000] {processor.py:175} INFO - Processing /opt/airflow/dags/data_lake_pipeline.py took 0.116 seconds
[2025-01-13T13:42:18.414+0000] {processor.py:153} INFO - Started process (PID=540) to work on /opt/airflow/dags/data_lake_pipeline.py
[2025-01-13T13:42:18.414+0000] {processor.py:743} INFO - Processing file /opt/airflow/dags/data_lake_pipeline.py for tasks to queue
[2025-01-13T13:42:18.415+0000] {logging_mixin.py:137} INFO - [2025-01-13T13:42:18.415+0000] {dagbag.py:538} INFO - Filling up the DagBag from /opt/airflow/dags/data_lake_pipeline.py
[2025-01-13T13:42:18.514+0000] {logging_mixin.py:137} INFO - [2025-01-13T13:42:18.513+0000] {dagbag.py:343} ERROR - Failed to import: /opt/airflow/dags/data_lake_pipeline.py
Traceback (most recent call last):
  File "/home/airflow/.local/lib/python3.7/site-packages/airflow/models/dagbag.py", line 339, in parse
    loader.exec_module(new_module)
  File "<frozen importlib._bootstrap_external>", line 728, in exec_module
  File "<frozen importlib._bootstrap>", line 219, in _call_with_frames_removed
  File "/opt/airflow/dags/data_lake_pipeline.py", line 6, in <module>
    import pymongo
ModuleNotFoundError: No module named 'pymongo'
[2025-01-13T13:42:18.514+0000] {processor.py:755} WARNING - No viable dags retrieved from /opt/airflow/dags/data_lake_pipeline.py
[2025-01-13T13:42:18.531+0000] {processor.py:175} INFO - Processing /opt/airflow/dags/data_lake_pipeline.py took 0.120 seconds
[2025-01-13T13:42:48.713+0000] {processor.py:153} INFO - Started process (PID=545) to work on /opt/airflow/dags/data_lake_pipeline.py
[2025-01-13T13:42:48.715+0000] {processor.py:743} INFO - Processing file /opt/airflow/dags/data_lake_pipeline.py for tasks to queue
[2025-01-13T13:42:48.716+0000] {logging_mixin.py:137} INFO - [2025-01-13T13:42:48.715+0000] {dagbag.py:538} INFO - Filling up the DagBag from /opt/airflow/dags/data_lake_pipeline.py
[2025-01-13T13:42:48.765+0000] {logging_mixin.py:137} INFO - [2025-01-13T13:42:48.765+0000] {dagbag.py:343} ERROR - Failed to import: /opt/airflow/dags/data_lake_pipeline.py
Traceback (most recent call last):
  File "/home/airflow/.local/lib/python3.7/site-packages/airflow/models/dagbag.py", line 339, in parse
    loader.exec_module(new_module)
  File "<frozen importlib._bootstrap_external>", line 728, in exec_module
  File "<frozen importlib._bootstrap>", line 219, in _call_with_frames_removed
  File "/opt/airflow/dags/data_lake_pipeline.py", line 6, in <module>
    import pymongo
ModuleNotFoundError: No module named 'pymongo'
[2025-01-13T13:42:48.766+0000] {processor.py:755} WARNING - No viable dags retrieved from /opt/airflow/dags/data_lake_pipeline.py
[2025-01-13T13:42:48.782+0000] {processor.py:175} INFO - Processing /opt/airflow/dags/data_lake_pipeline.py took 0.071 seconds
[2025-01-13T13:43:18.926+0000] {processor.py:153} INFO - Started process (PID=550) to work on /opt/airflow/dags/data_lake_pipeline.py
[2025-01-13T13:43:18.927+0000] {processor.py:743} INFO - Processing file /opt/airflow/dags/data_lake_pipeline.py for tasks to queue
[2025-01-13T13:43:18.928+0000] {logging_mixin.py:137} INFO - [2025-01-13T13:43:18.927+0000] {dagbag.py:538} INFO - Filling up the DagBag from /opt/airflow/dags/data_lake_pipeline.py
[2025-01-13T13:43:18.984+0000] {logging_mixin.py:137} INFO - [2025-01-13T13:43:18.983+0000] {dagbag.py:343} ERROR - Failed to import: /opt/airflow/dags/data_lake_pipeline.py
Traceback (most recent call last):
  File "/home/airflow/.local/lib/python3.7/site-packages/airflow/models/dagbag.py", line 339, in parse
    loader.exec_module(new_module)
  File "<frozen importlib._bootstrap_external>", line 728, in exec_module
  File "<frozen importlib._bootstrap>", line 219, in _call_with_frames_removed
  File "/opt/airflow/dags/data_lake_pipeline.py", line 6, in <module>
    import pymongo
ModuleNotFoundError: No module named 'pymongo'
[2025-01-13T13:43:18.984+0000] {processor.py:755} WARNING - No viable dags retrieved from /opt/airflow/dags/data_lake_pipeline.py
[2025-01-13T13:43:19.004+0000] {processor.py:175} INFO - Processing /opt/airflow/dags/data_lake_pipeline.py took 0.084 seconds
[2025-01-13T13:43:49.131+0000] {processor.py:153} INFO - Started process (PID=555) to work on /opt/airflow/dags/data_lake_pipeline.py
[2025-01-13T13:43:49.134+0000] {processor.py:743} INFO - Processing file /opt/airflow/dags/data_lake_pipeline.py for tasks to queue
[2025-01-13T13:43:49.135+0000] {logging_mixin.py:137} INFO - [2025-01-13T13:43:49.135+0000] {dagbag.py:538} INFO - Filling up the DagBag from /opt/airflow/dags/data_lake_pipeline.py
[2025-01-13T13:43:49.182+0000] {logging_mixin.py:137} INFO - [2025-01-13T13:43:49.182+0000] {dagbag.py:343} ERROR - Failed to import: /opt/airflow/dags/data_lake_pipeline.py
Traceback (most recent call last):
  File "/home/airflow/.local/lib/python3.7/site-packages/airflow/models/dagbag.py", line 339, in parse
    loader.exec_module(new_module)
  File "<frozen importlib._bootstrap_external>", line 728, in exec_module
  File "<frozen importlib._bootstrap>", line 219, in _call_with_frames_removed
  File "/opt/airflow/dags/data_lake_pipeline.py", line 6, in <module>
    import pymongo
ModuleNotFoundError: No module named 'pymongo'
[2025-01-13T13:43:49.183+0000] {processor.py:755} WARNING - No viable dags retrieved from /opt/airflow/dags/data_lake_pipeline.py
[2025-01-13T13:43:49.208+0000] {processor.py:175} INFO - Processing /opt/airflow/dags/data_lake_pipeline.py took 0.081 seconds
[2025-01-13T13:44:19.356+0000] {processor.py:153} INFO - Started process (PID=560) to work on /opt/airflow/dags/data_lake_pipeline.py
[2025-01-13T13:44:19.358+0000] {processor.py:743} INFO - Processing file /opt/airflow/dags/data_lake_pipeline.py for tasks to queue
[2025-01-13T13:44:19.358+0000] {logging_mixin.py:137} INFO - [2025-01-13T13:44:19.358+0000] {dagbag.py:538} INFO - Filling up the DagBag from /opt/airflow/dags/data_lake_pipeline.py
[2025-01-13T13:44:19.441+0000] {logging_mixin.py:137} INFO - [2025-01-13T13:44:19.440+0000] {dagbag.py:343} ERROR - Failed to import: /opt/airflow/dags/data_lake_pipeline.py
Traceback (most recent call last):
  File "/home/airflow/.local/lib/python3.7/site-packages/airflow/models/dagbag.py", line 339, in parse
    loader.exec_module(new_module)
  File "<frozen importlib._bootstrap_external>", line 728, in exec_module
  File "<frozen importlib._bootstrap>", line 219, in _call_with_frames_removed
  File "/opt/airflow/dags/data_lake_pipeline.py", line 6, in <module>
    import pymongo
ModuleNotFoundError: No module named 'pymongo'
[2025-01-13T13:44:19.441+0000] {processor.py:755} WARNING - No viable dags retrieved from /opt/airflow/dags/data_lake_pipeline.py
[2025-01-13T13:44:19.463+0000] {processor.py:175} INFO - Processing /opt/airflow/dags/data_lake_pipeline.py took 0.111 seconds
[2025-01-13T13:44:49.547+0000] {processor.py:153} INFO - Started process (PID=565) to work on /opt/airflow/dags/data_lake_pipeline.py
[2025-01-13T13:44:49.548+0000] {processor.py:743} INFO - Processing file /opt/airflow/dags/data_lake_pipeline.py for tasks to queue
[2025-01-13T13:44:49.549+0000] {logging_mixin.py:137} INFO - [2025-01-13T13:44:49.549+0000] {dagbag.py:538} INFO - Filling up the DagBag from /opt/airflow/dags/data_lake_pipeline.py
[2025-01-13T13:44:49.609+0000] {logging_mixin.py:137} INFO - [2025-01-13T13:44:49.608+0000] {dagbag.py:343} ERROR - Failed to import: /opt/airflow/dags/data_lake_pipeline.py
Traceback (most recent call last):
  File "/home/airflow/.local/lib/python3.7/site-packages/airflow/models/dagbag.py", line 339, in parse
    loader.exec_module(new_module)
  File "<frozen importlib._bootstrap_external>", line 728, in exec_module
  File "<frozen importlib._bootstrap>", line 219, in _call_with_frames_removed
  File "/opt/airflow/dags/data_lake_pipeline.py", line 6, in <module>
    import pymongo
ModuleNotFoundError: No module named 'pymongo'
[2025-01-13T13:44:49.609+0000] {processor.py:755} WARNING - No viable dags retrieved from /opt/airflow/dags/data_lake_pipeline.py
[2025-01-13T13:44:49.631+0000] {processor.py:175} INFO - Processing /opt/airflow/dags/data_lake_pipeline.py took 0.086 seconds
[2025-01-13T13:45:19.784+0000] {processor.py:153} INFO - Started process (PID=570) to work on /opt/airflow/dags/data_lake_pipeline.py
[2025-01-13T13:45:19.784+0000] {processor.py:743} INFO - Processing file /opt/airflow/dags/data_lake_pipeline.py for tasks to queue
[2025-01-13T13:45:19.785+0000] {logging_mixin.py:137} INFO - [2025-01-13T13:45:19.785+0000] {dagbag.py:538} INFO - Filling up the DagBag from /opt/airflow/dags/data_lake_pipeline.py
[2025-01-13T13:45:19.840+0000] {logging_mixin.py:137} INFO - [2025-01-13T13:45:19.840+0000] {dagbag.py:343} ERROR - Failed to import: /opt/airflow/dags/data_lake_pipeline.py
Traceback (most recent call last):
  File "/home/airflow/.local/lib/python3.7/site-packages/airflow/models/dagbag.py", line 339, in parse
    loader.exec_module(new_module)
  File "<frozen importlib._bootstrap_external>", line 728, in exec_module
  File "<frozen importlib._bootstrap>", line 219, in _call_with_frames_removed
  File "/opt/airflow/dags/data_lake_pipeline.py", line 6, in <module>
    import pymongo
ModuleNotFoundError: No module named 'pymongo'
[2025-01-13T13:45:19.840+0000] {processor.py:755} WARNING - No viable dags retrieved from /opt/airflow/dags/data_lake_pipeline.py
[2025-01-13T13:45:19.858+0000] {processor.py:175} INFO - Processing /opt/airflow/dags/data_lake_pipeline.py took 0.077 seconds
[2025-01-13T13:45:49.970+0000] {processor.py:153} INFO - Started process (PID=575) to work on /opt/airflow/dags/data_lake_pipeline.py
[2025-01-13T13:45:49.971+0000] {processor.py:743} INFO - Processing file /opt/airflow/dags/data_lake_pipeline.py for tasks to queue
[2025-01-13T13:45:49.972+0000] {logging_mixin.py:137} INFO - [2025-01-13T13:45:49.972+0000] {dagbag.py:538} INFO - Filling up the DagBag from /opt/airflow/dags/data_lake_pipeline.py
[2025-01-13T13:45:50.029+0000] {logging_mixin.py:137} INFO - [2025-01-13T13:45:50.028+0000] {dagbag.py:343} ERROR - Failed to import: /opt/airflow/dags/data_lake_pipeline.py
Traceback (most recent call last):
  File "/home/airflow/.local/lib/python3.7/site-packages/airflow/models/dagbag.py", line 339, in parse
    loader.exec_module(new_module)
  File "<frozen importlib._bootstrap_external>", line 728, in exec_module
  File "<frozen importlib._bootstrap>", line 219, in _call_with_frames_removed
  File "/opt/airflow/dags/data_lake_pipeline.py", line 6, in <module>
    import pymongo
ModuleNotFoundError: No module named 'pymongo'
[2025-01-13T13:45:50.029+0000] {processor.py:755} WARNING - No viable dags retrieved from /opt/airflow/dags/data_lake_pipeline.py
[2025-01-13T13:45:50.047+0000] {processor.py:175} INFO - Processing /opt/airflow/dags/data_lake_pipeline.py took 0.080 seconds
[2025-01-13T13:46:20.211+0000] {processor.py:153} INFO - Started process (PID=580) to work on /opt/airflow/dags/data_lake_pipeline.py
[2025-01-13T13:46:20.214+0000] {processor.py:743} INFO - Processing file /opt/airflow/dags/data_lake_pipeline.py for tasks to queue
[2025-01-13T13:46:20.217+0000] {logging_mixin.py:137} INFO - [2025-01-13T13:46:20.217+0000] {dagbag.py:538} INFO - Filling up the DagBag from /opt/airflow/dags/data_lake_pipeline.py
[2025-01-13T13:46:20.389+0000] {logging_mixin.py:137} INFO - [2025-01-13T13:46:20.386+0000] {dagbag.py:343} ERROR - Failed to import: /opt/airflow/dags/data_lake_pipeline.py
Traceback (most recent call last):
  File "/home/airflow/.local/lib/python3.7/site-packages/airflow/models/dagbag.py", line 339, in parse
    loader.exec_module(new_module)
  File "<frozen importlib._bootstrap_external>", line 728, in exec_module
  File "<frozen importlib._bootstrap>", line 219, in _call_with_frames_removed
  File "/opt/airflow/dags/data_lake_pipeline.py", line 6, in <module>
    import pymongo
ModuleNotFoundError: No module named 'pymongo'
[2025-01-13T13:46:20.389+0000] {processor.py:755} WARNING - No viable dags retrieved from /opt/airflow/dags/data_lake_pipeline.py
[2025-01-13T13:46:20.444+0000] {processor.py:175} INFO - Processing /opt/airflow/dags/data_lake_pipeline.py took 0.238 seconds
[2025-01-13T13:46:50.611+0000] {processor.py:153} INFO - Started process (PID=585) to work on /opt/airflow/dags/data_lake_pipeline.py
[2025-01-13T13:46:50.613+0000] {processor.py:743} INFO - Processing file /opt/airflow/dags/data_lake_pipeline.py for tasks to queue
[2025-01-13T13:46:50.614+0000] {logging_mixin.py:137} INFO - [2025-01-13T13:46:50.614+0000] {dagbag.py:538} INFO - Filling up the DagBag from /opt/airflow/dags/data_lake_pipeline.py
[2025-01-13T13:46:50.698+0000] {logging_mixin.py:137} INFO - [2025-01-13T13:46:50.697+0000] {dagbag.py:343} ERROR - Failed to import: /opt/airflow/dags/data_lake_pipeline.py
Traceback (most recent call last):
  File "/home/airflow/.local/lib/python3.7/site-packages/airflow/models/dagbag.py", line 339, in parse
    loader.exec_module(new_module)
  File "<frozen importlib._bootstrap_external>", line 728, in exec_module
  File "<frozen importlib._bootstrap>", line 219, in _call_with_frames_removed
  File "/opt/airflow/dags/data_lake_pipeline.py", line 6, in <module>
    import pymongo
ModuleNotFoundError: No module named 'pymongo'
[2025-01-13T13:46:50.699+0000] {processor.py:755} WARNING - No viable dags retrieved from /opt/airflow/dags/data_lake_pipeline.py
[2025-01-13T13:46:50.727+0000] {processor.py:175} INFO - Processing /opt/airflow/dags/data_lake_pipeline.py took 0.120 seconds
[2025-01-13T13:47:20.776+0000] {processor.py:153} INFO - Started process (PID=590) to work on /opt/airflow/dags/data_lake_pipeline.py
[2025-01-13T13:47:20.777+0000] {processor.py:743} INFO - Processing file /opt/airflow/dags/data_lake_pipeline.py for tasks to queue
[2025-01-13T13:47:20.777+0000] {logging_mixin.py:137} INFO - [2025-01-13T13:47:20.777+0000] {dagbag.py:538} INFO - Filling up the DagBag from /opt/airflow/dags/data_lake_pipeline.py
[2025-01-13T13:47:20.841+0000] {logging_mixin.py:137} INFO - [2025-01-13T13:47:20.841+0000] {dagbag.py:343} ERROR - Failed to import: /opt/airflow/dags/data_lake_pipeline.py
Traceback (most recent call last):
  File "/home/airflow/.local/lib/python3.7/site-packages/airflow/models/dagbag.py", line 339, in parse
    loader.exec_module(new_module)
  File "<frozen importlib._bootstrap_external>", line 728, in exec_module
  File "<frozen importlib._bootstrap>", line 219, in _call_with_frames_removed
  File "/opt/airflow/dags/data_lake_pipeline.py", line 6, in <module>
    import pymongo
ModuleNotFoundError: No module named 'pymongo'
[2025-01-13T13:47:20.841+0000] {processor.py:755} WARNING - No viable dags retrieved from /opt/airflow/dags/data_lake_pipeline.py
[2025-01-13T13:47:20.862+0000] {processor.py:175} INFO - Processing /opt/airflow/dags/data_lake_pipeline.py took 0.089 seconds
[2025-01-13T13:47:50.941+0000] {processor.py:153} INFO - Started process (PID=595) to work on /opt/airflow/dags/data_lake_pipeline.py
[2025-01-13T13:47:50.943+0000] {processor.py:743} INFO - Processing file /opt/airflow/dags/data_lake_pipeline.py for tasks to queue
[2025-01-13T13:47:50.943+0000] {logging_mixin.py:137} INFO - [2025-01-13T13:47:50.943+0000] {dagbag.py:538} INFO - Filling up the DagBag from /opt/airflow/dags/data_lake_pipeline.py
[2025-01-13T13:47:51.011+0000] {logging_mixin.py:137} INFO - [2025-01-13T13:47:51.011+0000] {dagbag.py:343} ERROR - Failed to import: /opt/airflow/dags/data_lake_pipeline.py
Traceback (most recent call last):
  File "/home/airflow/.local/lib/python3.7/site-packages/airflow/models/dagbag.py", line 339, in parse
    loader.exec_module(new_module)
  File "<frozen importlib._bootstrap_external>", line 728, in exec_module
  File "<frozen importlib._bootstrap>", line 219, in _call_with_frames_removed
  File "/opt/airflow/dags/data_lake_pipeline.py", line 6, in <module>
    import pymongo
ModuleNotFoundError: No module named 'pymongo'
[2025-01-13T13:47:51.012+0000] {processor.py:755} WARNING - No viable dags retrieved from /opt/airflow/dags/data_lake_pipeline.py
[2025-01-13T13:47:51.033+0000] {processor.py:175} INFO - Processing /opt/airflow/dags/data_lake_pipeline.py took 0.095 seconds
[2025-01-13T13:48:21.198+0000] {processor.py:153} INFO - Started process (PID=600) to work on /opt/airflow/dags/data_lake_pipeline.py
[2025-01-13T13:48:21.199+0000] {processor.py:743} INFO - Processing file /opt/airflow/dags/data_lake_pipeline.py for tasks to queue
[2025-01-13T13:48:21.199+0000] {logging_mixin.py:137} INFO - [2025-01-13T13:48:21.199+0000] {dagbag.py:538} INFO - Filling up the DagBag from /opt/airflow/dags/data_lake_pipeline.py
[2025-01-13T13:48:21.276+0000] {logging_mixin.py:137} INFO - [2025-01-13T13:48:21.276+0000] {dagbag.py:343} ERROR - Failed to import: /opt/airflow/dags/data_lake_pipeline.py
Traceback (most recent call last):
  File "/home/airflow/.local/lib/python3.7/site-packages/airflow/models/dagbag.py", line 339, in parse
    loader.exec_module(new_module)
  File "<frozen importlib._bootstrap_external>", line 728, in exec_module
  File "<frozen importlib._bootstrap>", line 219, in _call_with_frames_removed
  File "/opt/airflow/dags/data_lake_pipeline.py", line 6, in <module>
    import pymongo
ModuleNotFoundError: No module named 'pymongo'
[2025-01-13T13:48:21.277+0000] {processor.py:755} WARNING - No viable dags retrieved from /opt/airflow/dags/data_lake_pipeline.py
[2025-01-13T13:48:21.299+0000] {processor.py:175} INFO - Processing /opt/airflow/dags/data_lake_pipeline.py took 0.104 seconds
[2025-01-13T13:48:51.352+0000] {processor.py:153} INFO - Started process (PID=605) to work on /opt/airflow/dags/data_lake_pipeline.py
[2025-01-13T13:48:51.353+0000] {processor.py:743} INFO - Processing file /opt/airflow/dags/data_lake_pipeline.py for tasks to queue
[2025-01-13T13:48:51.354+0000] {logging_mixin.py:137} INFO - [2025-01-13T13:48:51.354+0000] {dagbag.py:538} INFO - Filling up the DagBag from /opt/airflow/dags/data_lake_pipeline.py
[2025-01-13T13:48:51.419+0000] {logging_mixin.py:137} INFO - [2025-01-13T13:48:51.418+0000] {dagbag.py:343} ERROR - Failed to import: /opt/airflow/dags/data_lake_pipeline.py
Traceback (most recent call last):
  File "/home/airflow/.local/lib/python3.7/site-packages/airflow/models/dagbag.py", line 339, in parse
    loader.exec_module(new_module)
  File "<frozen importlib._bootstrap_external>", line 728, in exec_module
  File "<frozen importlib._bootstrap>", line 219, in _call_with_frames_removed
  File "/opt/airflow/dags/data_lake_pipeline.py", line 6, in <module>
    import pymongo
ModuleNotFoundError: No module named 'pymongo'
[2025-01-13T13:48:51.419+0000] {processor.py:755} WARNING - No viable dags retrieved from /opt/airflow/dags/data_lake_pipeline.py
[2025-01-13T13:48:51.439+0000] {processor.py:175} INFO - Processing /opt/airflow/dags/data_lake_pipeline.py took 0.089 seconds
[2025-01-13T13:49:21.602+0000] {processor.py:153} INFO - Started process (PID=610) to work on /opt/airflow/dags/data_lake_pipeline.py
[2025-01-13T13:49:21.603+0000] {processor.py:743} INFO - Processing file /opt/airflow/dags/data_lake_pipeline.py for tasks to queue
[2025-01-13T13:49:21.604+0000] {logging_mixin.py:137} INFO - [2025-01-13T13:49:21.604+0000] {dagbag.py:538} INFO - Filling up the DagBag from /opt/airflow/dags/data_lake_pipeline.py
[2025-01-13T13:49:21.677+0000] {logging_mixin.py:137} INFO - [2025-01-13T13:49:21.676+0000] {dagbag.py:343} ERROR - Failed to import: /opt/airflow/dags/data_lake_pipeline.py
Traceback (most recent call last):
  File "/home/airflow/.local/lib/python3.7/site-packages/airflow/models/dagbag.py", line 339, in parse
    loader.exec_module(new_module)
  File "<frozen importlib._bootstrap_external>", line 728, in exec_module
  File "<frozen importlib._bootstrap>", line 219, in _call_with_frames_removed
  File "/opt/airflow/dags/data_lake_pipeline.py", line 6, in <module>
    import pymongo
ModuleNotFoundError: No module named 'pymongo'
[2025-01-13T13:49:21.677+0000] {processor.py:755} WARNING - No viable dags retrieved from /opt/airflow/dags/data_lake_pipeline.py
[2025-01-13T13:49:21.697+0000] {processor.py:175} INFO - Processing /opt/airflow/dags/data_lake_pipeline.py took 0.097 seconds
[2025-01-13T13:49:51.810+0000] {processor.py:153} INFO - Started process (PID=615) to work on /opt/airflow/dags/data_lake_pipeline.py
[2025-01-13T13:49:51.811+0000] {processor.py:743} INFO - Processing file /opt/airflow/dags/data_lake_pipeline.py for tasks to queue
[2025-01-13T13:49:51.812+0000] {logging_mixin.py:137} INFO - [2025-01-13T13:49:51.812+0000] {dagbag.py:538} INFO - Filling up the DagBag from /opt/airflow/dags/data_lake_pipeline.py
[2025-01-13T13:49:51.895+0000] {logging_mixin.py:137} INFO - [2025-01-13T13:49:51.894+0000] {dagbag.py:343} ERROR - Failed to import: /opt/airflow/dags/data_lake_pipeline.py
Traceback (most recent call last):
  File "/home/airflow/.local/lib/python3.7/site-packages/airflow/models/dagbag.py", line 339, in parse
    loader.exec_module(new_module)
  File "<frozen importlib._bootstrap_external>", line 728, in exec_module
  File "<frozen importlib._bootstrap>", line 219, in _call_with_frames_removed
  File "/opt/airflow/dags/data_lake_pipeline.py", line 6, in <module>
    import pymongo
ModuleNotFoundError: No module named 'pymongo'
[2025-01-13T13:49:51.896+0000] {processor.py:755} WARNING - No viable dags retrieved from /opt/airflow/dags/data_lake_pipeline.py
[2025-01-13T13:49:51.919+0000] {processor.py:175} INFO - Processing /opt/airflow/dags/data_lake_pipeline.py took 0.114 seconds
[2025-01-13T13:50:22.076+0000] {processor.py:153} INFO - Started process (PID=620) to work on /opt/airflow/dags/data_lake_pipeline.py
[2025-01-13T13:50:22.077+0000] {processor.py:743} INFO - Processing file /opt/airflow/dags/data_lake_pipeline.py for tasks to queue
[2025-01-13T13:50:22.078+0000] {logging_mixin.py:137} INFO - [2025-01-13T13:50:22.077+0000] {dagbag.py:538} INFO - Filling up the DagBag from /opt/airflow/dags/data_lake_pipeline.py
[2025-01-13T13:50:22.153+0000] {logging_mixin.py:137} INFO - [2025-01-13T13:50:22.152+0000] {dagbag.py:343} ERROR - Failed to import: /opt/airflow/dags/data_lake_pipeline.py
Traceback (most recent call last):
  File "/home/airflow/.local/lib/python3.7/site-packages/airflow/models/dagbag.py", line 339, in parse
    loader.exec_module(new_module)
  File "<frozen importlib._bootstrap_external>", line 728, in exec_module
  File "<frozen importlib._bootstrap>", line 219, in _call_with_frames_removed
  File "/opt/airflow/dags/data_lake_pipeline.py", line 6, in <module>
    import pymongo
ModuleNotFoundError: No module named 'pymongo'
[2025-01-13T13:50:22.153+0000] {processor.py:755} WARNING - No viable dags retrieved from /opt/airflow/dags/data_lake_pipeline.py
[2025-01-13T13:50:22.176+0000] {processor.py:175} INFO - Processing /opt/airflow/dags/data_lake_pipeline.py took 0.104 seconds
[2025-01-13T13:50:52.286+0000] {processor.py:153} INFO - Started process (PID=625) to work on /opt/airflow/dags/data_lake_pipeline.py
[2025-01-13T13:50:52.287+0000] {processor.py:743} INFO - Processing file /opt/airflow/dags/data_lake_pipeline.py for tasks to queue
[2025-01-13T13:50:52.288+0000] {logging_mixin.py:137} INFO - [2025-01-13T13:50:52.288+0000] {dagbag.py:538} INFO - Filling up the DagBag from /opt/airflow/dags/data_lake_pipeline.py
[2025-01-13T13:50:52.353+0000] {logging_mixin.py:137} INFO - [2025-01-13T13:50:52.353+0000] {dagbag.py:343} ERROR - Failed to import: /opt/airflow/dags/data_lake_pipeline.py
Traceback (most recent call last):
  File "/home/airflow/.local/lib/python3.7/site-packages/airflow/models/dagbag.py", line 339, in parse
    loader.exec_module(new_module)
  File "<frozen importlib._bootstrap_external>", line 728, in exec_module
  File "<frozen importlib._bootstrap>", line 219, in _call_with_frames_removed
  File "/opt/airflow/dags/data_lake_pipeline.py", line 6, in <module>
    import pymongo
ModuleNotFoundError: No module named 'pymongo'
[2025-01-13T13:50:52.354+0000] {processor.py:755} WARNING - No viable dags retrieved from /opt/airflow/dags/data_lake_pipeline.py
[2025-01-13T13:50:52.374+0000] {processor.py:175} INFO - Processing /opt/airflow/dags/data_lake_pipeline.py took 0.091 seconds
[2025-01-13T13:51:22.490+0000] {processor.py:153} INFO - Started process (PID=630) to work on /opt/airflow/dags/data_lake_pipeline.py
[2025-01-13T13:51:22.493+0000] {processor.py:743} INFO - Processing file /opt/airflow/dags/data_lake_pipeline.py for tasks to queue
[2025-01-13T13:51:22.494+0000] {logging_mixin.py:137} INFO - [2025-01-13T13:51:22.494+0000] {dagbag.py:538} INFO - Filling up the DagBag from /opt/airflow/dags/data_lake_pipeline.py
[2025-01-13T13:51:22.592+0000] {logging_mixin.py:137} INFO - [2025-01-13T13:51:22.591+0000] {dagbag.py:343} ERROR - Failed to import: /opt/airflow/dags/data_lake_pipeline.py
Traceback (most recent call last):
  File "/home/airflow/.local/lib/python3.7/site-packages/airflow/models/dagbag.py", line 339, in parse
    loader.exec_module(new_module)
  File "<frozen importlib._bootstrap_external>", line 728, in exec_module
  File "<frozen importlib._bootstrap>", line 219, in _call_with_frames_removed
  File "/opt/airflow/dags/data_lake_pipeline.py", line 6, in <module>
    import pymongo
ModuleNotFoundError: No module named 'pymongo'
[2025-01-13T13:51:22.592+0000] {processor.py:755} WARNING - No viable dags retrieved from /opt/airflow/dags/data_lake_pipeline.py
[2025-01-13T13:51:22.626+0000] {processor.py:175} INFO - Processing /opt/airflow/dags/data_lake_pipeline.py took 0.141 seconds
[2025-01-13T13:51:52.706+0000] {processor.py:153} INFO - Started process (PID=635) to work on /opt/airflow/dags/data_lake_pipeline.py
[2025-01-13T13:51:52.709+0000] {processor.py:743} INFO - Processing file /opt/airflow/dags/data_lake_pipeline.py for tasks to queue
[2025-01-13T13:51:52.710+0000] {logging_mixin.py:137} INFO - [2025-01-13T13:51:52.710+0000] {dagbag.py:538} INFO - Filling up the DagBag from /opt/airflow/dags/data_lake_pipeline.py
[2025-01-13T13:51:52.769+0000] {logging_mixin.py:137} INFO - [2025-01-13T13:51:52.769+0000] {dagbag.py:343} ERROR - Failed to import: /opt/airflow/dags/data_lake_pipeline.py
Traceback (most recent call last):
  File "/home/airflow/.local/lib/python3.7/site-packages/airflow/models/dagbag.py", line 339, in parse
    loader.exec_module(new_module)
  File "<frozen importlib._bootstrap_external>", line 728, in exec_module
  File "<frozen importlib._bootstrap>", line 219, in _call_with_frames_removed
  File "/opt/airflow/dags/data_lake_pipeline.py", line 6, in <module>
    import pymongo
ModuleNotFoundError: No module named 'pymongo'
[2025-01-13T13:51:52.770+0000] {processor.py:755} WARNING - No viable dags retrieved from /opt/airflow/dags/data_lake_pipeline.py
[2025-01-13T13:51:52.787+0000] {processor.py:175} INFO - Processing /opt/airflow/dags/data_lake_pipeline.py took 0.084 seconds
[2025-01-13T13:52:22.931+0000] {processor.py:153} INFO - Started process (PID=640) to work on /opt/airflow/dags/data_lake_pipeline.py
[2025-01-13T13:52:22.932+0000] {processor.py:743} INFO - Processing file /opt/airflow/dags/data_lake_pipeline.py for tasks to queue
[2025-01-13T13:52:22.933+0000] {logging_mixin.py:137} INFO - [2025-01-13T13:52:22.932+0000] {dagbag.py:538} INFO - Filling up the DagBag from /opt/airflow/dags/data_lake_pipeline.py
[2025-01-13T13:52:22.999+0000] {logging_mixin.py:137} INFO - [2025-01-13T13:52:22.998+0000] {dagbag.py:343} ERROR - Failed to import: /opt/airflow/dags/data_lake_pipeline.py
Traceback (most recent call last):
  File "/home/airflow/.local/lib/python3.7/site-packages/airflow/models/dagbag.py", line 339, in parse
    loader.exec_module(new_module)
  File "<frozen importlib._bootstrap_external>", line 728, in exec_module
  File "<frozen importlib._bootstrap>", line 219, in _call_with_frames_removed
  File "/opt/airflow/dags/data_lake_pipeline.py", line 6, in <module>
    import pymongo
ModuleNotFoundError: No module named 'pymongo'
[2025-01-13T13:52:22.999+0000] {processor.py:755} WARNING - No viable dags retrieved from /opt/airflow/dags/data_lake_pipeline.py
[2025-01-13T13:52:23.019+0000] {processor.py:175} INFO - Processing /opt/airflow/dags/data_lake_pipeline.py took 0.090 seconds
[2025-01-13T13:52:53.102+0000] {processor.py:153} INFO - Started process (PID=645) to work on /opt/airflow/dags/data_lake_pipeline.py
[2025-01-13T13:52:53.104+0000] {processor.py:743} INFO - Processing file /opt/airflow/dags/data_lake_pipeline.py for tasks to queue
[2025-01-13T13:52:53.105+0000] {logging_mixin.py:137} INFO - [2025-01-13T13:52:53.105+0000] {dagbag.py:538} INFO - Filling up the DagBag from /opt/airflow/dags/data_lake_pipeline.py
[2025-01-13T13:52:53.161+0000] {logging_mixin.py:137} INFO - [2025-01-13T13:52:53.161+0000] {dagbag.py:343} ERROR - Failed to import: /opt/airflow/dags/data_lake_pipeline.py
Traceback (most recent call last):
  File "/home/airflow/.local/lib/python3.7/site-packages/airflow/models/dagbag.py", line 339, in parse
    loader.exec_module(new_module)
  File "<frozen importlib._bootstrap_external>", line 728, in exec_module
  File "<frozen importlib._bootstrap>", line 219, in _call_with_frames_removed
  File "/opt/airflow/dags/data_lake_pipeline.py", line 6, in <module>
    import pymongo
ModuleNotFoundError: No module named 'pymongo'
[2025-01-13T13:52:53.162+0000] {processor.py:755} WARNING - No viable dags retrieved from /opt/airflow/dags/data_lake_pipeline.py
[2025-01-13T13:52:53.176+0000] {processor.py:175} INFO - Processing /opt/airflow/dags/data_lake_pipeline.py took 0.077 seconds
[2025-01-13T13:53:23.320+0000] {processor.py:153} INFO - Started process (PID=650) to work on /opt/airflow/dags/data_lake_pipeline.py
[2025-01-13T13:53:23.320+0000] {processor.py:743} INFO - Processing file /opt/airflow/dags/data_lake_pipeline.py for tasks to queue
[2025-01-13T13:53:23.321+0000] {logging_mixin.py:137} INFO - [2025-01-13T13:53:23.321+0000] {dagbag.py:538} INFO - Filling up the DagBag from /opt/airflow/dags/data_lake_pipeline.py
[2025-01-13T13:53:23.376+0000] {logging_mixin.py:137} INFO - [2025-01-13T13:53:23.375+0000] {dagbag.py:343} ERROR - Failed to import: /opt/airflow/dags/data_lake_pipeline.py
Traceback (most recent call last):
  File "/home/airflow/.local/lib/python3.7/site-packages/airflow/models/dagbag.py", line 339, in parse
    loader.exec_module(new_module)
  File "<frozen importlib._bootstrap_external>", line 728, in exec_module
  File "<frozen importlib._bootstrap>", line 219, in _call_with_frames_removed
  File "/opt/airflow/dags/data_lake_pipeline.py", line 6, in <module>
    import pymongo
ModuleNotFoundError: No module named 'pymongo'
[2025-01-13T13:53:23.376+0000] {processor.py:755} WARNING - No viable dags retrieved from /opt/airflow/dags/data_lake_pipeline.py
[2025-01-13T13:53:23.392+0000] {processor.py:175} INFO - Processing /opt/airflow/dags/data_lake_pipeline.py took 0.074 seconds
[2025-01-13T13:53:53.495+0000] {processor.py:153} INFO - Started process (PID=655) to work on /opt/airflow/dags/data_lake_pipeline.py
[2025-01-13T13:53:53.496+0000] {processor.py:743} INFO - Processing file /opt/airflow/dags/data_lake_pipeline.py for tasks to queue
[2025-01-13T13:53:53.496+0000] {logging_mixin.py:137} INFO - [2025-01-13T13:53:53.496+0000] {dagbag.py:538} INFO - Filling up the DagBag from /opt/airflow/dags/data_lake_pipeline.py
[2025-01-13T13:53:53.556+0000] {logging_mixin.py:137} INFO - [2025-01-13T13:53:53.556+0000] {dagbag.py:343} ERROR - Failed to import: /opt/airflow/dags/data_lake_pipeline.py
Traceback (most recent call last):
  File "/home/airflow/.local/lib/python3.7/site-packages/airflow/models/dagbag.py", line 339, in parse
    loader.exec_module(new_module)
  File "<frozen importlib._bootstrap_external>", line 728, in exec_module
  File "<frozen importlib._bootstrap>", line 219, in _call_with_frames_removed
  File "/opt/airflow/dags/data_lake_pipeline.py", line 6, in <module>
    import pymongo
ModuleNotFoundError: No module named 'pymongo'
[2025-01-13T13:53:53.557+0000] {processor.py:755} WARNING - No viable dags retrieved from /opt/airflow/dags/data_lake_pipeline.py
[2025-01-13T13:53:53.574+0000] {processor.py:175} INFO - Processing /opt/airflow/dags/data_lake_pipeline.py took 0.081 seconds
[2025-01-13T13:54:23.747+0000] {processor.py:153} INFO - Started process (PID=660) to work on /opt/airflow/dags/data_lake_pipeline.py
[2025-01-13T13:54:23.748+0000] {processor.py:743} INFO - Processing file /opt/airflow/dags/data_lake_pipeline.py for tasks to queue
[2025-01-13T13:54:23.748+0000] {logging_mixin.py:137} INFO - [2025-01-13T13:54:23.748+0000] {dagbag.py:538} INFO - Filling up the DagBag from /opt/airflow/dags/data_lake_pipeline.py
[2025-01-13T13:54:23.806+0000] {logging_mixin.py:137} INFO - [2025-01-13T13:54:23.805+0000] {dagbag.py:343} ERROR - Failed to import: /opt/airflow/dags/data_lake_pipeline.py
Traceback (most recent call last):
  File "/home/airflow/.local/lib/python3.7/site-packages/airflow/models/dagbag.py", line 339, in parse
    loader.exec_module(new_module)
  File "<frozen importlib._bootstrap_external>", line 728, in exec_module
  File "<frozen importlib._bootstrap>", line 219, in _call_with_frames_removed
  File "/opt/airflow/dags/data_lake_pipeline.py", line 6, in <module>
    import pymongo
ModuleNotFoundError: No module named 'pymongo'
[2025-01-13T13:54:23.806+0000] {processor.py:755} WARNING - No viable dags retrieved from /opt/airflow/dags/data_lake_pipeline.py
[2025-01-13T13:54:23.826+0000] {processor.py:175} INFO - Processing /opt/airflow/dags/data_lake_pipeline.py took 0.081 seconds
[2025-01-13T13:54:53.938+0000] {processor.py:153} INFO - Started process (PID=665) to work on /opt/airflow/dags/data_lake_pipeline.py
[2025-01-13T13:54:53.938+0000] {processor.py:743} INFO - Processing file /opt/airflow/dags/data_lake_pipeline.py for tasks to queue
[2025-01-13T13:54:53.939+0000] {logging_mixin.py:137} INFO - [2025-01-13T13:54:53.939+0000] {dagbag.py:538} INFO - Filling up the DagBag from /opt/airflow/dags/data_lake_pipeline.py
[2025-01-13T13:54:53.997+0000] {logging_mixin.py:137} INFO - [2025-01-13T13:54:53.996+0000] {dagbag.py:343} ERROR - Failed to import: /opt/airflow/dags/data_lake_pipeline.py
Traceback (most recent call last):
  File "/home/airflow/.local/lib/python3.7/site-packages/airflow/models/dagbag.py", line 339, in parse
    loader.exec_module(new_module)
  File "<frozen importlib._bootstrap_external>", line 728, in exec_module
  File "<frozen importlib._bootstrap>", line 219, in _call_with_frames_removed
  File "/opt/airflow/dags/data_lake_pipeline.py", line 6, in <module>
    import pymongo
ModuleNotFoundError: No module named 'pymongo'
[2025-01-13T13:54:53.997+0000] {processor.py:755} WARNING - No viable dags retrieved from /opt/airflow/dags/data_lake_pipeline.py
[2025-01-13T13:54:54.017+0000] {processor.py:175} INFO - Processing /opt/airflow/dags/data_lake_pipeline.py took 0.081 seconds
[2025-01-13T13:55:24.145+0000] {processor.py:153} INFO - Started process (PID=670) to work on /opt/airflow/dags/data_lake_pipeline.py
[2025-01-13T13:55:24.148+0000] {processor.py:743} INFO - Processing file /opt/airflow/dags/data_lake_pipeline.py for tasks to queue
[2025-01-13T13:55:24.149+0000] {logging_mixin.py:137} INFO - [2025-01-13T13:55:24.149+0000] {dagbag.py:538} INFO - Filling up the DagBag from /opt/airflow/dags/data_lake_pipeline.py
[2025-01-13T13:55:24.335+0000] {logging_mixin.py:137} INFO - [2025-01-13T13:55:24.333+0000] {dagbag.py:343} ERROR - Failed to import: /opt/airflow/dags/data_lake_pipeline.py
Traceback (most recent call last):
  File "/home/airflow/.local/lib/python3.7/site-packages/airflow/models/dagbag.py", line 339, in parse
    loader.exec_module(new_module)
  File "<frozen importlib._bootstrap_external>", line 728, in exec_module
  File "<frozen importlib._bootstrap>", line 219, in _call_with_frames_removed
  File "/opt/airflow/dags/data_lake_pipeline.py", line 6, in <module>
    import pymongo
ModuleNotFoundError: No module named 'pymongo'
[2025-01-13T13:55:24.336+0000] {processor.py:755} WARNING - No viable dags retrieved from /opt/airflow/dags/data_lake_pipeline.py
[2025-01-13T13:55:24.399+0000] {processor.py:175} INFO - Processing /opt/airflow/dags/data_lake_pipeline.py took 0.262 seconds
[2025-01-13T13:55:54.644+0000] {processor.py:153} INFO - Started process (PID=675) to work on /opt/airflow/dags/data_lake_pipeline.py
[2025-01-13T13:55:54.647+0000] {processor.py:743} INFO - Processing file /opt/airflow/dags/data_lake_pipeline.py for tasks to queue
[2025-01-13T13:55:54.648+0000] {logging_mixin.py:137} INFO - [2025-01-13T13:55:54.648+0000] {dagbag.py:538} INFO - Filling up the DagBag from /opt/airflow/dags/data_lake_pipeline.py
[2025-01-13T13:55:54.709+0000] {logging_mixin.py:137} INFO - [2025-01-13T13:55:54.708+0000] {dagbag.py:343} ERROR - Failed to import: /opt/airflow/dags/data_lake_pipeline.py
Traceback (most recent call last):
  File "/home/airflow/.local/lib/python3.7/site-packages/airflow/models/dagbag.py", line 339, in parse
    loader.exec_module(new_module)
  File "<frozen importlib._bootstrap_external>", line 728, in exec_module
  File "<frozen importlib._bootstrap>", line 219, in _call_with_frames_removed
  File "/opt/airflow/dags/data_lake_pipeline.py", line 6, in <module>
    import pymongo
ModuleNotFoundError: No module named 'pymongo'
[2025-01-13T13:55:54.709+0000] {processor.py:755} WARNING - No viable dags retrieved from /opt/airflow/dags/data_lake_pipeline.py
[2025-01-13T13:55:54.730+0000] {processor.py:175} INFO - Processing /opt/airflow/dags/data_lake_pipeline.py took 0.090 seconds
[2025-01-13T13:56:25.010+0000] {processor.py:153} INFO - Started process (PID=680) to work on /opt/airflow/dags/data_lake_pipeline.py
[2025-01-13T13:56:25.012+0000] {processor.py:743} INFO - Processing file /opt/airflow/dags/data_lake_pipeline.py for tasks to queue
[2025-01-13T13:56:25.012+0000] {logging_mixin.py:137} INFO - [2025-01-13T13:56:25.012+0000] {dagbag.py:538} INFO - Filling up the DagBag from /opt/airflow/dags/data_lake_pipeline.py
[2025-01-13T13:56:25.139+0000] {logging_mixin.py:137} INFO - [2025-01-13T13:56:25.137+0000] {dagbag.py:343} ERROR - Failed to import: /opt/airflow/dags/data_lake_pipeline.py
Traceback (most recent call last):
  File "/home/airflow/.local/lib/python3.7/site-packages/airflow/models/dagbag.py", line 339, in parse
    loader.exec_module(new_module)
  File "<frozen importlib._bootstrap_external>", line 728, in exec_module
  File "<frozen importlib._bootstrap>", line 219, in _call_with_frames_removed
  File "/opt/airflow/dags/data_lake_pipeline.py", line 6, in <module>
    import pymongo
ModuleNotFoundError: No module named 'pymongo'
[2025-01-13T13:56:25.139+0000] {processor.py:755} WARNING - No viable dags retrieved from /opt/airflow/dags/data_lake_pipeline.py
[2025-01-13T13:56:25.160+0000] {processor.py:175} INFO - Processing /opt/airflow/dags/data_lake_pipeline.py took 0.153 seconds
[2025-01-13T13:56:55.209+0000] {processor.py:153} INFO - Started process (PID=685) to work on /opt/airflow/dags/data_lake_pipeline.py
[2025-01-13T13:56:55.211+0000] {processor.py:743} INFO - Processing file /opt/airflow/dags/data_lake_pipeline.py for tasks to queue
[2025-01-13T13:56:55.212+0000] {logging_mixin.py:137} INFO - [2025-01-13T13:56:55.211+0000] {dagbag.py:538} INFO - Filling up the DagBag from /opt/airflow/dags/data_lake_pipeline.py
[2025-01-13T13:56:55.264+0000] {logging_mixin.py:137} INFO - [2025-01-13T13:56:55.263+0000] {dagbag.py:343} ERROR - Failed to import: /opt/airflow/dags/data_lake_pipeline.py
Traceback (most recent call last):
  File "/home/airflow/.local/lib/python3.7/site-packages/airflow/models/dagbag.py", line 339, in parse
    loader.exec_module(new_module)
  File "<frozen importlib._bootstrap_external>", line 728, in exec_module
  File "<frozen importlib._bootstrap>", line 219, in _call_with_frames_removed
  File "/opt/airflow/dags/data_lake_pipeline.py", line 6, in <module>
    import pymongo
ModuleNotFoundError: No module named 'pymongo'
[2025-01-13T13:56:55.264+0000] {processor.py:755} WARNING - No viable dags retrieved from /opt/airflow/dags/data_lake_pipeline.py
[2025-01-13T13:56:55.281+0000] {processor.py:175} INFO - Processing /opt/airflow/dags/data_lake_pipeline.py took 0.075 seconds
[2025-01-13T13:57:25.381+0000] {processor.py:153} INFO - Started process (PID=690) to work on /opt/airflow/dags/data_lake_pipeline.py
[2025-01-13T13:57:25.384+0000] {processor.py:743} INFO - Processing file /opt/airflow/dags/data_lake_pipeline.py for tasks to queue
[2025-01-13T13:57:25.385+0000] {logging_mixin.py:137} INFO - [2025-01-13T13:57:25.384+0000] {dagbag.py:538} INFO - Filling up the DagBag from /opt/airflow/dags/data_lake_pipeline.py
[2025-01-13T13:57:25.486+0000] {logging_mixin.py:137} INFO - [2025-01-13T13:57:25.485+0000] {dagbag.py:343} ERROR - Failed to import: /opt/airflow/dags/data_lake_pipeline.py
Traceback (most recent call last):
  File "/home/airflow/.local/lib/python3.7/site-packages/airflow/models/dagbag.py", line 339, in parse
    loader.exec_module(new_module)
  File "<frozen importlib._bootstrap_external>", line 728, in exec_module
  File "<frozen importlib._bootstrap>", line 219, in _call_with_frames_removed
  File "/opt/airflow/dags/data_lake_pipeline.py", line 6, in <module>
    import pymongo
ModuleNotFoundError: No module named 'pymongo'
[2025-01-13T13:57:25.486+0000] {processor.py:755} WARNING - No viable dags retrieved from /opt/airflow/dags/data_lake_pipeline.py
[2025-01-13T13:57:25.504+0000] {processor.py:175} INFO - Processing /opt/airflow/dags/data_lake_pipeline.py took 0.126 seconds
[2025-01-13T13:57:55.599+0000] {processor.py:153} INFO - Started process (PID=695) to work on /opt/airflow/dags/data_lake_pipeline.py
[2025-01-13T13:57:55.601+0000] {processor.py:743} INFO - Processing file /opt/airflow/dags/data_lake_pipeline.py for tasks to queue
[2025-01-13T13:57:55.602+0000] {logging_mixin.py:137} INFO - [2025-01-13T13:57:55.602+0000] {dagbag.py:538} INFO - Filling up the DagBag from /opt/airflow/dags/data_lake_pipeline.py
[2025-01-13T13:57:55.663+0000] {logging_mixin.py:137} INFO - [2025-01-13T13:57:55.663+0000] {dagbag.py:343} ERROR - Failed to import: /opt/airflow/dags/data_lake_pipeline.py
Traceback (most recent call last):
  File "/home/airflow/.local/lib/python3.7/site-packages/airflow/models/dagbag.py", line 339, in parse
    loader.exec_module(new_module)
  File "<frozen importlib._bootstrap_external>", line 728, in exec_module
  File "<frozen importlib._bootstrap>", line 219, in _call_with_frames_removed
  File "/opt/airflow/dags/data_lake_pipeline.py", line 6, in <module>
    import pymongo
ModuleNotFoundError: No module named 'pymongo'
[2025-01-13T13:57:55.664+0000] {processor.py:755} WARNING - No viable dags retrieved from /opt/airflow/dags/data_lake_pipeline.py
[2025-01-13T13:57:55.683+0000] {processor.py:175} INFO - Processing /opt/airflow/dags/data_lake_pipeline.py took 0.086 seconds
[2025-01-13T13:58:25.835+0000] {processor.py:153} INFO - Started process (PID=700) to work on /opt/airflow/dags/data_lake_pipeline.py
[2025-01-13T13:58:25.836+0000] {processor.py:743} INFO - Processing file /opt/airflow/dags/data_lake_pipeline.py for tasks to queue
[2025-01-13T13:58:25.836+0000] {logging_mixin.py:137} INFO - [2025-01-13T13:58:25.836+0000] {dagbag.py:538} INFO - Filling up the DagBag from /opt/airflow/dags/data_lake_pipeline.py
[2025-01-13T13:58:25.891+0000] {logging_mixin.py:137} INFO - [2025-01-13T13:58:25.891+0000] {dagbag.py:343} ERROR - Failed to import: /opt/airflow/dags/data_lake_pipeline.py
Traceback (most recent call last):
  File "/home/airflow/.local/lib/python3.7/site-packages/airflow/models/dagbag.py", line 339, in parse
    loader.exec_module(new_module)
  File "<frozen importlib._bootstrap_external>", line 728, in exec_module
  File "<frozen importlib._bootstrap>", line 219, in _call_with_frames_removed
  File "/opt/airflow/dags/data_lake_pipeline.py", line 6, in <module>
    import pymongo
ModuleNotFoundError: No module named 'pymongo'
[2025-01-13T13:58:25.892+0000] {processor.py:755} WARNING - No viable dags retrieved from /opt/airflow/dags/data_lake_pipeline.py
[2025-01-13T13:58:25.908+0000] {processor.py:175} INFO - Processing /opt/airflow/dags/data_lake_pipeline.py took 0.075 seconds
[2025-01-13T13:58:56.084+0000] {processor.py:153} INFO - Started process (PID=705) to work on /opt/airflow/dags/data_lake_pipeline.py
[2025-01-13T13:58:56.088+0000] {processor.py:743} INFO - Processing file /opt/airflow/dags/data_lake_pipeline.py for tasks to queue
[2025-01-13T13:58:56.090+0000] {logging_mixin.py:137} INFO - [2025-01-13T13:58:56.089+0000] {dagbag.py:538} INFO - Filling up the DagBag from /opt/airflow/dags/data_lake_pipeline.py
[2025-01-13T13:58:56.250+0000] {logging_mixin.py:137} INFO - [2025-01-13T13:58:56.248+0000] {dagbag.py:343} ERROR - Failed to import: /opt/airflow/dags/data_lake_pipeline.py
Traceback (most recent call last):
  File "/home/airflow/.local/lib/python3.7/site-packages/airflow/models/dagbag.py", line 339, in parse
    loader.exec_module(new_module)
  File "<frozen importlib._bootstrap_external>", line 728, in exec_module
  File "<frozen importlib._bootstrap>", line 219, in _call_with_frames_removed
  File "/opt/airflow/dags/data_lake_pipeline.py", line 6, in <module>
    import pymongo
ModuleNotFoundError: No module named 'pymongo'
[2025-01-13T13:58:56.250+0000] {processor.py:755} WARNING - No viable dags retrieved from /opt/airflow/dags/data_lake_pipeline.py
[2025-01-13T13:58:56.282+0000] {processor.py:175} INFO - Processing /opt/airflow/dags/data_lake_pipeline.py took 0.205 seconds
[2025-01-13T13:59:26.315+0000] {processor.py:153} INFO - Started process (PID=710) to work on /opt/airflow/dags/data_lake_pipeline.py
[2025-01-13T13:59:26.317+0000] {processor.py:743} INFO - Processing file /opt/airflow/dags/data_lake_pipeline.py for tasks to queue
[2025-01-13T13:59:26.318+0000] {logging_mixin.py:137} INFO - [2025-01-13T13:59:26.318+0000] {dagbag.py:538} INFO - Filling up the DagBag from /opt/airflow/dags/data_lake_pipeline.py
[2025-01-13T13:59:26.380+0000] {logging_mixin.py:137} INFO - [2025-01-13T13:59:26.380+0000] {dagbag.py:343} ERROR - Failed to import: /opt/airflow/dags/data_lake_pipeline.py
Traceback (most recent call last):
  File "/home/airflow/.local/lib/python3.7/site-packages/airflow/models/dagbag.py", line 339, in parse
    loader.exec_module(new_module)
  File "<frozen importlib._bootstrap_external>", line 728, in exec_module
  File "<frozen importlib._bootstrap>", line 219, in _call_with_frames_removed
  File "/opt/airflow/dags/data_lake_pipeline.py", line 6, in <module>
    import pymongo
ModuleNotFoundError: No module named 'pymongo'
[2025-01-13T13:59:26.381+0000] {processor.py:755} WARNING - No viable dags retrieved from /opt/airflow/dags/data_lake_pipeline.py
[2025-01-13T13:59:26.405+0000] {processor.py:175} INFO - Processing /opt/airflow/dags/data_lake_pipeline.py took 0.093 seconds
[2025-01-13T13:59:56.478+0000] {processor.py:153} INFO - Started process (PID=715) to work on /opt/airflow/dags/data_lake_pipeline.py
[2025-01-13T13:59:56.479+0000] {processor.py:743} INFO - Processing file /opt/airflow/dags/data_lake_pipeline.py for tasks to queue
[2025-01-13T13:59:56.480+0000] {logging_mixin.py:137} INFO - [2025-01-13T13:59:56.480+0000] {dagbag.py:538} INFO - Filling up the DagBag from /opt/airflow/dags/data_lake_pipeline.py
[2025-01-13T13:59:56.620+0000] {logging_mixin.py:137} INFO - [2025-01-13T13:59:56.618+0000] {dagbag.py:343} ERROR - Failed to import: /opt/airflow/dags/data_lake_pipeline.py
Traceback (most recent call last):
  File "/home/airflow/.local/lib/python3.7/site-packages/airflow/models/dagbag.py", line 339, in parse
    loader.exec_module(new_module)
  File "<frozen importlib._bootstrap_external>", line 728, in exec_module
  File "<frozen importlib._bootstrap>", line 219, in _call_with_frames_removed
  File "/opt/airflow/dags/data_lake_pipeline.py", line 6, in <module>
    import pymongo
ModuleNotFoundError: No module named 'pymongo'
[2025-01-13T13:59:56.620+0000] {processor.py:755} WARNING - No viable dags retrieved from /opt/airflow/dags/data_lake_pipeline.py
[2025-01-13T13:59:56.641+0000] {processor.py:175} INFO - Processing /opt/airflow/dags/data_lake_pipeline.py took 0.166 seconds
[2025-01-13T14:00:26.709+0000] {processor.py:153} INFO - Started process (PID=720) to work on /opt/airflow/dags/data_lake_pipeline.py
[2025-01-13T14:00:26.710+0000] {processor.py:743} INFO - Processing file /opt/airflow/dags/data_lake_pipeline.py for tasks to queue
[2025-01-13T14:00:26.711+0000] {logging_mixin.py:137} INFO - [2025-01-13T14:00:26.711+0000] {dagbag.py:538} INFO - Filling up the DagBag from /opt/airflow/dags/data_lake_pipeline.py
[2025-01-13T14:00:26.825+0000] {logging_mixin.py:137} INFO - [2025-01-13T14:00:26.824+0000] {dagbag.py:343} ERROR - Failed to import: /opt/airflow/dags/data_lake_pipeline.py
Traceback (most recent call last):
  File "/home/airflow/.local/lib/python3.7/site-packages/airflow/models/dagbag.py", line 339, in parse
    loader.exec_module(new_module)
  File "<frozen importlib._bootstrap_external>", line 728, in exec_module
  File "<frozen importlib._bootstrap>", line 219, in _call_with_frames_removed
  File "/opt/airflow/dags/data_lake_pipeline.py", line 6, in <module>
    import pymongo
ModuleNotFoundError: No module named 'pymongo'
[2025-01-13T14:00:26.825+0000] {processor.py:755} WARNING - No viable dags retrieved from /opt/airflow/dags/data_lake_pipeline.py
[2025-01-13T14:00:26.846+0000] {processor.py:175} INFO - Processing /opt/airflow/dags/data_lake_pipeline.py took 0.142 seconds
[2025-01-13T14:00:56.955+0000] {processor.py:153} INFO - Started process (PID=725) to work on /opt/airflow/dags/data_lake_pipeline.py
[2025-01-13T14:00:56.956+0000] {processor.py:743} INFO - Processing file /opt/airflow/dags/data_lake_pipeline.py for tasks to queue
[2025-01-13T14:00:56.957+0000] {logging_mixin.py:137} INFO - [2025-01-13T14:00:56.957+0000] {dagbag.py:538} INFO - Filling up the DagBag from /opt/airflow/dags/data_lake_pipeline.py
[2025-01-13T14:00:57.075+0000] {logging_mixin.py:137} INFO - [2025-01-13T14:00:57.074+0000] {dagbag.py:343} ERROR - Failed to import: /opt/airflow/dags/data_lake_pipeline.py
Traceback (most recent call last):
  File "/home/airflow/.local/lib/python3.7/site-packages/airflow/models/dagbag.py", line 339, in parse
    loader.exec_module(new_module)
  File "<frozen importlib._bootstrap_external>", line 728, in exec_module
  File "<frozen importlib._bootstrap>", line 219, in _call_with_frames_removed
  File "/opt/airflow/dags/data_lake_pipeline.py", line 6, in <module>
    import pymongo
ModuleNotFoundError: No module named 'pymongo'
[2025-01-13T14:00:57.075+0000] {processor.py:755} WARNING - No viable dags retrieved from /opt/airflow/dags/data_lake_pipeline.py
[2025-01-13T14:00:57.097+0000] {processor.py:175} INFO - Processing /opt/airflow/dags/data_lake_pipeline.py took 0.152 seconds
[2025-01-13T14:01:27.201+0000] {processor.py:153} INFO - Started process (PID=730) to work on /opt/airflow/dags/data_lake_pipeline.py
[2025-01-13T14:01:27.203+0000] {processor.py:743} INFO - Processing file /opt/airflow/dags/data_lake_pipeline.py for tasks to queue
[2025-01-13T14:01:27.204+0000] {logging_mixin.py:137} INFO - [2025-01-13T14:01:27.203+0000] {dagbag.py:538} INFO - Filling up the DagBag from /opt/airflow/dags/data_lake_pipeline.py
[2025-01-13T14:01:27.311+0000] {logging_mixin.py:137} INFO - [2025-01-13T14:01:27.310+0000] {dagbag.py:343} ERROR - Failed to import: /opt/airflow/dags/data_lake_pipeline.py
Traceback (most recent call last):
  File "/home/airflow/.local/lib/python3.7/site-packages/airflow/models/dagbag.py", line 339, in parse
    loader.exec_module(new_module)
  File "<frozen importlib._bootstrap_external>", line 728, in exec_module
  File "<frozen importlib._bootstrap>", line 219, in _call_with_frames_removed
  File "/opt/airflow/dags/data_lake_pipeline.py", line 6, in <module>
    import pymongo
ModuleNotFoundError: No module named 'pymongo'
[2025-01-13T14:01:27.312+0000] {processor.py:755} WARNING - No viable dags retrieved from /opt/airflow/dags/data_lake_pipeline.py
[2025-01-13T14:01:27.343+0000] {processor.py:175} INFO - Processing /opt/airflow/dags/data_lake_pipeline.py took 0.146 seconds
[2025-01-13T14:01:57.530+0000] {processor.py:153} INFO - Started process (PID=735) to work on /opt/airflow/dags/data_lake_pipeline.py
[2025-01-13T14:01:57.534+0000] {processor.py:743} INFO - Processing file /opt/airflow/dags/data_lake_pipeline.py for tasks to queue
[2025-01-13T14:01:57.535+0000] {logging_mixin.py:137} INFO - [2025-01-13T14:01:57.535+0000] {dagbag.py:538} INFO - Filling up the DagBag from /opt/airflow/dags/data_lake_pipeline.py
[2025-01-13T14:01:57.751+0000] {logging_mixin.py:137} INFO - [2025-01-13T14:01:57.749+0000] {dagbag.py:343} ERROR - Failed to import: /opt/airflow/dags/data_lake_pipeline.py
Traceback (most recent call last):
  File "/home/airflow/.local/lib/python3.7/site-packages/airflow/models/dagbag.py", line 339, in parse
    loader.exec_module(new_module)
  File "<frozen importlib._bootstrap_external>", line 728, in exec_module
  File "<frozen importlib._bootstrap>", line 219, in _call_with_frames_removed
  File "/opt/airflow/dags/data_lake_pipeline.py", line 6, in <module>
    import pymongo
ModuleNotFoundError: No module named 'pymongo'
[2025-01-13T14:01:57.752+0000] {processor.py:755} WARNING - No viable dags retrieved from /opt/airflow/dags/data_lake_pipeline.py
[2025-01-13T14:01:57.801+0000] {processor.py:175} INFO - Processing /opt/airflow/dags/data_lake_pipeline.py took 0.278 seconds
[2025-01-13T14:02:28.007+0000] {processor.py:153} INFO - Started process (PID=740) to work on /opt/airflow/dags/data_lake_pipeline.py
[2025-01-13T14:02:28.008+0000] {processor.py:743} INFO - Processing file /opt/airflow/dags/data_lake_pipeline.py for tasks to queue
[2025-01-13T14:02:28.009+0000] {logging_mixin.py:137} INFO - [2025-01-13T14:02:28.009+0000] {dagbag.py:538} INFO - Filling up the DagBag from /opt/airflow/dags/data_lake_pipeline.py
[2025-01-13T14:02:28.188+0000] {logging_mixin.py:137} INFO - [2025-01-13T14:02:28.186+0000] {dagbag.py:343} ERROR - Failed to import: /opt/airflow/dags/data_lake_pipeline.py
Traceback (most recent call last):
  File "/home/airflow/.local/lib/python3.7/site-packages/airflow/models/dagbag.py", line 339, in parse
    loader.exec_module(new_module)
  File "<frozen importlib._bootstrap_external>", line 728, in exec_module
  File "<frozen importlib._bootstrap>", line 219, in _call_with_frames_removed
  File "/opt/airflow/dags/data_lake_pipeline.py", line 6, in <module>
    import pymongo
ModuleNotFoundError: No module named 'pymongo'
[2025-01-13T14:02:28.188+0000] {processor.py:755} WARNING - No viable dags retrieved from /opt/airflow/dags/data_lake_pipeline.py
[2025-01-13T14:02:28.219+0000] {processor.py:175} INFO - Processing /opt/airflow/dags/data_lake_pipeline.py took 0.219 seconds
[2025-01-13T14:02:58.402+0000] {processor.py:153} INFO - Started process (PID=745) to work on /opt/airflow/dags/data_lake_pipeline.py
[2025-01-13T14:02:58.403+0000] {processor.py:743} INFO - Processing file /opt/airflow/dags/data_lake_pipeline.py for tasks to queue
[2025-01-13T14:02:58.403+0000] {logging_mixin.py:137} INFO - [2025-01-13T14:02:58.403+0000] {dagbag.py:538} INFO - Filling up the DagBag from /opt/airflow/dags/data_lake_pipeline.py
[2025-01-13T14:02:58.455+0000] {logging_mixin.py:137} INFO - [2025-01-13T14:02:58.454+0000] {dagbag.py:343} ERROR - Failed to import: /opt/airflow/dags/data_lake_pipeline.py
Traceback (most recent call last):
  File "/home/airflow/.local/lib/python3.7/site-packages/airflow/models/dagbag.py", line 339, in parse
    loader.exec_module(new_module)
  File "<frozen importlib._bootstrap_external>", line 728, in exec_module
  File "<frozen importlib._bootstrap>", line 219, in _call_with_frames_removed
  File "/opt/airflow/dags/data_lake_pipeline.py", line 6, in <module>
    import pymongo
ModuleNotFoundError: No module named 'pymongo'
[2025-01-13T14:02:58.456+0000] {processor.py:755} WARNING - No viable dags retrieved from /opt/airflow/dags/data_lake_pipeline.py
[2025-01-13T14:02:58.472+0000] {processor.py:175} INFO - Processing /opt/airflow/dags/data_lake_pipeline.py took 0.072 seconds
[2025-01-13T14:03:28.630+0000] {processor.py:153} INFO - Started process (PID=750) to work on /opt/airflow/dags/data_lake_pipeline.py
[2025-01-13T14:03:28.632+0000] {processor.py:743} INFO - Processing file /opt/airflow/dags/data_lake_pipeline.py for tasks to queue
[2025-01-13T14:03:28.633+0000] {logging_mixin.py:137} INFO - [2025-01-13T14:03:28.633+0000] {dagbag.py:538} INFO - Filling up the DagBag from /opt/airflow/dags/data_lake_pipeline.py
[2025-01-13T14:03:28.783+0000] {logging_mixin.py:137} INFO - [2025-01-13T14:03:28.782+0000] {dagbag.py:343} ERROR - Failed to import: /opt/airflow/dags/data_lake_pipeline.py
Traceback (most recent call last):
  File "/home/airflow/.local/lib/python3.7/site-packages/airflow/models/dagbag.py", line 339, in parse
    loader.exec_module(new_module)
  File "<frozen importlib._bootstrap_external>", line 728, in exec_module
  File "<frozen importlib._bootstrap>", line 219, in _call_with_frames_removed
  File "/opt/airflow/dags/data_lake_pipeline.py", line 6, in <module>
    import pymongo
ModuleNotFoundError: No module named 'pymongo'
[2025-01-13T14:03:28.784+0000] {processor.py:755} WARNING - No viable dags retrieved from /opt/airflow/dags/data_lake_pipeline.py
[2025-01-13T14:03:28.811+0000] {processor.py:175} INFO - Processing /opt/airflow/dags/data_lake_pipeline.py took 0.186 seconds
[2025-01-13T14:03:58.850+0000] {processor.py:153} INFO - Started process (PID=755) to work on /opt/airflow/dags/data_lake_pipeline.py
[2025-01-13T14:03:58.851+0000] {processor.py:743} INFO - Processing file /opt/airflow/dags/data_lake_pipeline.py for tasks to queue
[2025-01-13T14:03:58.852+0000] {logging_mixin.py:137} INFO - [2025-01-13T14:03:58.851+0000] {dagbag.py:538} INFO - Filling up the DagBag from /opt/airflow/dags/data_lake_pipeline.py
[2025-01-13T14:03:58.900+0000] {logging_mixin.py:137} INFO - [2025-01-13T14:03:58.900+0000] {dagbag.py:343} ERROR - Failed to import: /opt/airflow/dags/data_lake_pipeline.py
Traceback (most recent call last):
  File "/home/airflow/.local/lib/python3.7/site-packages/airflow/models/dagbag.py", line 339, in parse
    loader.exec_module(new_module)
  File "<frozen importlib._bootstrap_external>", line 728, in exec_module
  File "<frozen importlib._bootstrap>", line 219, in _call_with_frames_removed
  File "/opt/airflow/dags/data_lake_pipeline.py", line 6, in <module>
    import pymongo
ModuleNotFoundError: No module named 'pymongo'
[2025-01-13T14:03:58.901+0000] {processor.py:755} WARNING - No viable dags retrieved from /opt/airflow/dags/data_lake_pipeline.py
[2025-01-13T14:03:58.915+0000] {processor.py:175} INFO - Processing /opt/airflow/dags/data_lake_pipeline.py took 0.068 seconds
[2025-01-13T14:04:29.025+0000] {processor.py:153} INFO - Started process (PID=760) to work on /opt/airflow/dags/data_lake_pipeline.py
[2025-01-13T14:04:29.026+0000] {processor.py:743} INFO - Processing file /opt/airflow/dags/data_lake_pipeline.py for tasks to queue
[2025-01-13T14:04:29.027+0000] {logging_mixin.py:137} INFO - [2025-01-13T14:04:29.027+0000] {dagbag.py:538} INFO - Filling up the DagBag from /opt/airflow/dags/data_lake_pipeline.py
[2025-01-13T14:04:29.076+0000] {logging_mixin.py:137} INFO - [2025-01-13T14:04:29.076+0000] {dagbag.py:343} ERROR - Failed to import: /opt/airflow/dags/data_lake_pipeline.py
Traceback (most recent call last):
  File "/home/airflow/.local/lib/python3.7/site-packages/airflow/models/dagbag.py", line 339, in parse
    loader.exec_module(new_module)
  File "<frozen importlib._bootstrap_external>", line 728, in exec_module
  File "<frozen importlib._bootstrap>", line 219, in _call_with_frames_removed
  File "/opt/airflow/dags/data_lake_pipeline.py", line 6, in <module>
    import pymongo
ModuleNotFoundError: No module named 'pymongo'
[2025-01-13T14:04:29.076+0000] {processor.py:755} WARNING - No viable dags retrieved from /opt/airflow/dags/data_lake_pipeline.py
[2025-01-13T14:04:29.091+0000] {processor.py:175} INFO - Processing /opt/airflow/dags/data_lake_pipeline.py took 0.068 seconds
[2025-01-13T14:04:59.248+0000] {processor.py:153} INFO - Started process (PID=765) to work on /opt/airflow/dags/data_lake_pipeline.py
[2025-01-13T14:04:59.249+0000] {processor.py:743} INFO - Processing file /opt/airflow/dags/data_lake_pipeline.py for tasks to queue
[2025-01-13T14:04:59.249+0000] {logging_mixin.py:137} INFO - [2025-01-13T14:04:59.249+0000] {dagbag.py:538} INFO - Filling up the DagBag from /opt/airflow/dags/data_lake_pipeline.py
[2025-01-13T14:04:59.332+0000] {logging_mixin.py:137} INFO - [2025-01-13T14:04:59.331+0000] {dagbag.py:343} ERROR - Failed to import: /opt/airflow/dags/data_lake_pipeline.py
Traceback (most recent call last):
  File "/home/airflow/.local/lib/python3.7/site-packages/airflow/models/dagbag.py", line 339, in parse
    loader.exec_module(new_module)
  File "<frozen importlib._bootstrap_external>", line 728, in exec_module
  File "<frozen importlib._bootstrap>", line 219, in _call_with_frames_removed
  File "/opt/airflow/dags/data_lake_pipeline.py", line 6, in <module>
    import pymongo
ModuleNotFoundError: No module named 'pymongo'
[2025-01-13T14:04:59.332+0000] {processor.py:755} WARNING - No viable dags retrieved from /opt/airflow/dags/data_lake_pipeline.py
[2025-01-13T14:04:59.353+0000] {processor.py:175} INFO - Processing /opt/airflow/dags/data_lake_pipeline.py took 0.111 seconds
[2025-01-13T14:05:29.407+0000] {processor.py:153} INFO - Started process (PID=770) to work on /opt/airflow/dags/data_lake_pipeline.py
[2025-01-13T14:05:29.409+0000] {processor.py:743} INFO - Processing file /opt/airflow/dags/data_lake_pipeline.py for tasks to queue
[2025-01-13T14:05:29.410+0000] {logging_mixin.py:137} INFO - [2025-01-13T14:05:29.409+0000] {dagbag.py:538} INFO - Filling up the DagBag from /opt/airflow/dags/data_lake_pipeline.py
[2025-01-13T14:05:29.478+0000] {logging_mixin.py:137} INFO - [2025-01-13T14:05:29.477+0000] {dagbag.py:343} ERROR - Failed to import: /opt/airflow/dags/data_lake_pipeline.py
Traceback (most recent call last):
  File "/home/airflow/.local/lib/python3.7/site-packages/airflow/models/dagbag.py", line 339, in parse
    loader.exec_module(new_module)
  File "<frozen importlib._bootstrap_external>", line 728, in exec_module
  File "<frozen importlib._bootstrap>", line 219, in _call_with_frames_removed
  File "/opt/airflow/dags/data_lake_pipeline.py", line 6, in <module>
    import pymongo
ModuleNotFoundError: No module named 'pymongo'
[2025-01-13T14:05:29.478+0000] {processor.py:755} WARNING - No viable dags retrieved from /opt/airflow/dags/data_lake_pipeline.py
[2025-01-13T14:05:29.498+0000] {processor.py:175} INFO - Processing /opt/airflow/dags/data_lake_pipeline.py took 0.094 seconds
[2025-01-13T14:05:59.697+0000] {processor.py:153} INFO - Started process (PID=775) to work on /opt/airflow/dags/data_lake_pipeline.py
[2025-01-13T14:05:59.697+0000] {processor.py:743} INFO - Processing file /opt/airflow/dags/data_lake_pipeline.py for tasks to queue
[2025-01-13T14:05:59.698+0000] {logging_mixin.py:137} INFO - [2025-01-13T14:05:59.698+0000] {dagbag.py:538} INFO - Filling up the DagBag from /opt/airflow/dags/data_lake_pipeline.py
[2025-01-13T14:05:59.759+0000] {logging_mixin.py:137} INFO - [2025-01-13T14:05:59.758+0000] {dagbag.py:343} ERROR - Failed to import: /opt/airflow/dags/data_lake_pipeline.py
Traceback (most recent call last):
  File "/home/airflow/.local/lib/python3.7/site-packages/airflow/models/dagbag.py", line 339, in parse
    loader.exec_module(new_module)
  File "<frozen importlib._bootstrap_external>", line 728, in exec_module
  File "<frozen importlib._bootstrap>", line 219, in _call_with_frames_removed
  File "/opt/airflow/dags/data_lake_pipeline.py", line 6, in <module>
    import pymongo
ModuleNotFoundError: No module named 'pymongo'
[2025-01-13T14:05:59.759+0000] {processor.py:755} WARNING - No viable dags retrieved from /opt/airflow/dags/data_lake_pipeline.py
[2025-01-13T14:05:59.777+0000] {processor.py:175} INFO - Processing /opt/airflow/dags/data_lake_pipeline.py took 0.082 seconds
[2025-01-13T14:06:29.885+0000] {processor.py:153} INFO - Started process (PID=780) to work on /opt/airflow/dags/data_lake_pipeline.py
[2025-01-13T14:06:29.886+0000] {processor.py:743} INFO - Processing file /opt/airflow/dags/data_lake_pipeline.py for tasks to queue
[2025-01-13T14:06:29.886+0000] {logging_mixin.py:137} INFO - [2025-01-13T14:06:29.886+0000] {dagbag.py:538} INFO - Filling up the DagBag from /opt/airflow/dags/data_lake_pipeline.py
[2025-01-13T14:06:29.952+0000] {logging_mixin.py:137} INFO - [2025-01-13T14:06:29.951+0000] {dagbag.py:343} ERROR - Failed to import: /opt/airflow/dags/data_lake_pipeline.py
Traceback (most recent call last):
  File "/home/airflow/.local/lib/python3.7/site-packages/airflow/models/dagbag.py", line 339, in parse
    loader.exec_module(new_module)
  File "<frozen importlib._bootstrap_external>", line 728, in exec_module
  File "<frozen importlib._bootstrap>", line 219, in _call_with_frames_removed
  File "/opt/airflow/dags/data_lake_pipeline.py", line 6, in <module>
    import pymongo
ModuleNotFoundError: No module named 'pymongo'
[2025-01-13T14:06:29.952+0000] {processor.py:755} WARNING - No viable dags retrieved from /opt/airflow/dags/data_lake_pipeline.py
[2025-01-13T14:06:29.974+0000] {processor.py:175} INFO - Processing /opt/airflow/dags/data_lake_pipeline.py took 0.092 seconds
[2025-01-13T14:07:00.139+0000] {processor.py:153} INFO - Started process (PID=785) to work on /opt/airflow/dags/data_lake_pipeline.py
[2025-01-13T14:07:00.143+0000] {processor.py:743} INFO - Processing file /opt/airflow/dags/data_lake_pipeline.py for tasks to queue
[2025-01-13T14:07:00.143+0000] {logging_mixin.py:137} INFO - [2025-01-13T14:07:00.143+0000] {dagbag.py:538} INFO - Filling up the DagBag from /opt/airflow/dags/data_lake_pipeline.py
[2025-01-13T14:07:00.202+0000] {logging_mixin.py:137} INFO - [2025-01-13T14:07:00.201+0000] {dagbag.py:343} ERROR - Failed to import: /opt/airflow/dags/data_lake_pipeline.py
Traceback (most recent call last):
  File "/home/airflow/.local/lib/python3.7/site-packages/airflow/models/dagbag.py", line 339, in parse
    loader.exec_module(new_module)
  File "<frozen importlib._bootstrap_external>", line 728, in exec_module
  File "<frozen importlib._bootstrap>", line 219, in _call_with_frames_removed
  File "/opt/airflow/dags/data_lake_pipeline.py", line 6, in <module>
    import pymongo
ModuleNotFoundError: No module named 'pymongo'
[2025-01-13T14:07:00.202+0000] {processor.py:755} WARNING - No viable dags retrieved from /opt/airflow/dags/data_lake_pipeline.py
[2025-01-13T14:07:00.221+0000] {processor.py:175} INFO - Processing /opt/airflow/dags/data_lake_pipeline.py took 0.085 seconds
[2025-01-13T14:07:30.323+0000] {processor.py:153} INFO - Started process (PID=790) to work on /opt/airflow/dags/data_lake_pipeline.py
[2025-01-13T14:07:30.323+0000] {processor.py:743} INFO - Processing file /opt/airflow/dags/data_lake_pipeline.py for tasks to queue
[2025-01-13T14:07:30.324+0000] {logging_mixin.py:137} INFO - [2025-01-13T14:07:30.324+0000] {dagbag.py:538} INFO - Filling up the DagBag from /opt/airflow/dags/data_lake_pipeline.py
[2025-01-13T14:07:30.376+0000] {logging_mixin.py:137} INFO - [2025-01-13T14:07:30.375+0000] {dagbag.py:343} ERROR - Failed to import: /opt/airflow/dags/data_lake_pipeline.py
Traceback (most recent call last):
  File "/home/airflow/.local/lib/python3.7/site-packages/airflow/models/dagbag.py", line 339, in parse
    loader.exec_module(new_module)
  File "<frozen importlib._bootstrap_external>", line 728, in exec_module
  File "<frozen importlib._bootstrap>", line 219, in _call_with_frames_removed
  File "/opt/airflow/dags/data_lake_pipeline.py", line 6, in <module>
    import pymongo
ModuleNotFoundError: No module named 'pymongo'
[2025-01-13T14:07:30.376+0000] {processor.py:755} WARNING - No viable dags retrieved from /opt/airflow/dags/data_lake_pipeline.py
[2025-01-13T14:07:30.393+0000] {processor.py:175} INFO - Processing /opt/airflow/dags/data_lake_pipeline.py took 0.073 seconds
[2025-01-13T14:08:00.539+0000] {processor.py:153} INFO - Started process (PID=795) to work on /opt/airflow/dags/data_lake_pipeline.py
[2025-01-13T14:08:00.541+0000] {processor.py:743} INFO - Processing file /opt/airflow/dags/data_lake_pipeline.py for tasks to queue
[2025-01-13T14:08:00.541+0000] {logging_mixin.py:137} INFO - [2025-01-13T14:08:00.541+0000] {dagbag.py:538} INFO - Filling up the DagBag from /opt/airflow/dags/data_lake_pipeline.py
[2025-01-13T14:08:00.612+0000] {logging_mixin.py:137} INFO - [2025-01-13T14:08:00.611+0000] {dagbag.py:343} ERROR - Failed to import: /opt/airflow/dags/data_lake_pipeline.py
Traceback (most recent call last):
  File "/home/airflow/.local/lib/python3.7/site-packages/airflow/models/dagbag.py", line 339, in parse
    loader.exec_module(new_module)
  File "<frozen importlib._bootstrap_external>", line 728, in exec_module
  File "<frozen importlib._bootstrap>", line 219, in _call_with_frames_removed
  File "/opt/airflow/dags/data_lake_pipeline.py", line 6, in <module>
    import pymongo
ModuleNotFoundError: No module named 'pymongo'
[2025-01-13T14:08:00.612+0000] {processor.py:755} WARNING - No viable dags retrieved from /opt/airflow/dags/data_lake_pipeline.py
[2025-01-13T14:08:00.634+0000] {processor.py:175} INFO - Processing /opt/airflow/dags/data_lake_pipeline.py took 0.097 seconds
[2025-01-13T14:08:30.716+0000] {processor.py:153} INFO - Started process (PID=800) to work on /opt/airflow/dags/data_lake_pipeline.py
[2025-01-13T14:08:30.719+0000] {processor.py:743} INFO - Processing file /opt/airflow/dags/data_lake_pipeline.py for tasks to queue
[2025-01-13T14:08:30.720+0000] {logging_mixin.py:137} INFO - [2025-01-13T14:08:30.719+0000] {dagbag.py:538} INFO - Filling up the DagBag from /opt/airflow/dags/data_lake_pipeline.py
[2025-01-13T14:08:30.786+0000] {logging_mixin.py:137} INFO - [2025-01-13T14:08:30.785+0000] {dagbag.py:343} ERROR - Failed to import: /opt/airflow/dags/data_lake_pipeline.py
Traceback (most recent call last):
  File "/home/airflow/.local/lib/python3.7/site-packages/airflow/models/dagbag.py", line 339, in parse
    loader.exec_module(new_module)
  File "<frozen importlib._bootstrap_external>", line 728, in exec_module
  File "<frozen importlib._bootstrap>", line 219, in _call_with_frames_removed
  File "/opt/airflow/dags/data_lake_pipeline.py", line 6, in <module>
    import pymongo
ModuleNotFoundError: No module named 'pymongo'
[2025-01-13T14:08:30.786+0000] {processor.py:755} WARNING - No viable dags retrieved from /opt/airflow/dags/data_lake_pipeline.py
[2025-01-13T14:08:30.806+0000] {processor.py:175} INFO - Processing /opt/airflow/dags/data_lake_pipeline.py took 0.096 seconds
[2025-01-13T14:09:01.012+0000] {processor.py:153} INFO - Started process (PID=805) to work on /opt/airflow/dags/data_lake_pipeline.py
[2025-01-13T14:09:01.013+0000] {processor.py:743} INFO - Processing file /opt/airflow/dags/data_lake_pipeline.py for tasks to queue
[2025-01-13T14:09:01.014+0000] {logging_mixin.py:137} INFO - [2025-01-13T14:09:01.013+0000] {dagbag.py:538} INFO - Filling up the DagBag from /opt/airflow/dags/data_lake_pipeline.py
[2025-01-13T14:09:01.084+0000] {logging_mixin.py:137} INFO - [2025-01-13T14:09:01.084+0000] {dagbag.py:343} ERROR - Failed to import: /opt/airflow/dags/data_lake_pipeline.py
Traceback (most recent call last):
  File "/home/airflow/.local/lib/python3.7/site-packages/airflow/models/dagbag.py", line 339, in parse
    loader.exec_module(new_module)
  File "<frozen importlib._bootstrap_external>", line 728, in exec_module
  File "<frozen importlib._bootstrap>", line 219, in _call_with_frames_removed
  File "/opt/airflow/dags/data_lake_pipeline.py", line 6, in <module>
    import pymongo
ModuleNotFoundError: No module named 'pymongo'
[2025-01-13T14:09:01.085+0000] {processor.py:755} WARNING - No viable dags retrieved from /opt/airflow/dags/data_lake_pipeline.py
[2025-01-13T14:09:01.113+0000] {processor.py:175} INFO - Processing /opt/airflow/dags/data_lake_pipeline.py took 0.105 seconds
[2025-01-13T14:09:31.211+0000] {processor.py:153} INFO - Started process (PID=810) to work on /opt/airflow/dags/data_lake_pipeline.py
[2025-01-13T14:09:31.214+0000] {processor.py:743} INFO - Processing file /opt/airflow/dags/data_lake_pipeline.py for tasks to queue
[2025-01-13T14:09:31.215+0000] {logging_mixin.py:137} INFO - [2025-01-13T14:09:31.214+0000] {dagbag.py:538} INFO - Filling up the DagBag from /opt/airflow/dags/data_lake_pipeline.py
[2025-01-13T14:09:31.321+0000] {logging_mixin.py:137} INFO - [2025-01-13T14:09:31.320+0000] {dagbag.py:343} ERROR - Failed to import: /opt/airflow/dags/data_lake_pipeline.py
Traceback (most recent call last):
  File "/home/airflow/.local/lib/python3.7/site-packages/airflow/models/dagbag.py", line 339, in parse
    loader.exec_module(new_module)
  File "<frozen importlib._bootstrap_external>", line 728, in exec_module
  File "<frozen importlib._bootstrap>", line 219, in _call_with_frames_removed
  File "/opt/airflow/dags/data_lake_pipeline.py", line 6, in <module>
    import pymongo
ModuleNotFoundError: No module named 'pymongo'
[2025-01-13T14:09:31.322+0000] {processor.py:755} WARNING - No viable dags retrieved from /opt/airflow/dags/data_lake_pipeline.py
[2025-01-13T14:09:31.353+0000] {processor.py:175} INFO - Processing /opt/airflow/dags/data_lake_pipeline.py took 0.147 seconds
[2025-01-13T14:10:01.455+0000] {processor.py:153} INFO - Started process (PID=815) to work on /opt/airflow/dags/data_lake_pipeline.py
[2025-01-13T14:10:01.456+0000] {processor.py:743} INFO - Processing file /opt/airflow/dags/data_lake_pipeline.py for tasks to queue
[2025-01-13T14:10:01.457+0000] {logging_mixin.py:137} INFO - [2025-01-13T14:10:01.457+0000] {dagbag.py:538} INFO - Filling up the DagBag from /opt/airflow/dags/data_lake_pipeline.py
[2025-01-13T14:10:01.544+0000] {logging_mixin.py:137} INFO - [2025-01-13T14:10:01.543+0000] {dagbag.py:343} ERROR - Failed to import: /opt/airflow/dags/data_lake_pipeline.py
Traceback (most recent call last):
  File "/home/airflow/.local/lib/python3.7/site-packages/airflow/models/dagbag.py", line 339, in parse
    loader.exec_module(new_module)
  File "<frozen importlib._bootstrap_external>", line 728, in exec_module
  File "<frozen importlib._bootstrap>", line 219, in _call_with_frames_removed
  File "/opt/airflow/dags/data_lake_pipeline.py", line 6, in <module>
    import pymongo
ModuleNotFoundError: No module named 'pymongo'
[2025-01-13T14:10:01.544+0000] {processor.py:755} WARNING - No viable dags retrieved from /opt/airflow/dags/data_lake_pipeline.py
[2025-01-13T14:10:01.569+0000] {processor.py:175} INFO - Processing /opt/airflow/dags/data_lake_pipeline.py took 0.118 seconds
[2025-01-13T14:10:31.707+0000] {processor.py:153} INFO - Started process (PID=820) to work on /opt/airflow/dags/data_lake_pipeline.py
[2025-01-13T14:10:31.710+0000] {processor.py:743} INFO - Processing file /opt/airflow/dags/data_lake_pipeline.py for tasks to queue
[2025-01-13T14:10:31.711+0000] {logging_mixin.py:137} INFO - [2025-01-13T14:10:31.711+0000] {dagbag.py:538} INFO - Filling up the DagBag from /opt/airflow/dags/data_lake_pipeline.py
[2025-01-13T14:10:31.778+0000] {logging_mixin.py:137} INFO - [2025-01-13T14:10:31.777+0000] {dagbag.py:343} ERROR - Failed to import: /opt/airflow/dags/data_lake_pipeline.py
Traceback (most recent call last):
  File "/home/airflow/.local/lib/python3.7/site-packages/airflow/models/dagbag.py", line 339, in parse
    loader.exec_module(new_module)
  File "<frozen importlib._bootstrap_external>", line 728, in exec_module
  File "<frozen importlib._bootstrap>", line 219, in _call_with_frames_removed
  File "/opt/airflow/dags/data_lake_pipeline.py", line 6, in <module>
    import pymongo
ModuleNotFoundError: No module named 'pymongo'
[2025-01-13T14:10:31.778+0000] {processor.py:755} WARNING - No viable dags retrieved from /opt/airflow/dags/data_lake_pipeline.py
[2025-01-13T14:10:31.799+0000] {processor.py:175} INFO - Processing /opt/airflow/dags/data_lake_pipeline.py took 0.094 seconds
[2025-01-13T14:11:01.953+0000] {processor.py:153} INFO - Started process (PID=825) to work on /opt/airflow/dags/data_lake_pipeline.py
[2025-01-13T14:11:01.957+0000] {processor.py:743} INFO - Processing file /opt/airflow/dags/data_lake_pipeline.py for tasks to queue
[2025-01-13T14:11:01.959+0000] {logging_mixin.py:137} INFO - [2025-01-13T14:11:01.959+0000] {dagbag.py:538} INFO - Filling up the DagBag from /opt/airflow/dags/data_lake_pipeline.py
[2025-01-13T14:11:02.059+0000] {logging_mixin.py:137} INFO - [2025-01-13T14:11:02.059+0000] {dagbag.py:343} ERROR - Failed to import: /opt/airflow/dags/data_lake_pipeline.py
Traceback (most recent call last):
  File "/home/airflow/.local/lib/python3.7/site-packages/airflow/models/dagbag.py", line 339, in parse
    loader.exec_module(new_module)
  File "<frozen importlib._bootstrap_external>", line 728, in exec_module
  File "<frozen importlib._bootstrap>", line 219, in _call_with_frames_removed
  File "/opt/airflow/dags/data_lake_pipeline.py", line 6, in <module>
    import pymongo
ModuleNotFoundError: No module named 'pymongo'
[2025-01-13T14:11:02.060+0000] {processor.py:755} WARNING - No viable dags retrieved from /opt/airflow/dags/data_lake_pipeline.py
[2025-01-13T14:11:02.083+0000] {processor.py:175} INFO - Processing /opt/airflow/dags/data_lake_pipeline.py took 0.137 seconds
[2025-01-13T14:11:32.126+0000] {processor.py:153} INFO - Started process (PID=830) to work on /opt/airflow/dags/data_lake_pipeline.py
[2025-01-13T14:11:32.130+0000] {processor.py:743} INFO - Processing file /opt/airflow/dags/data_lake_pipeline.py for tasks to queue
[2025-01-13T14:11:32.130+0000] {logging_mixin.py:137} INFO - [2025-01-13T14:11:32.130+0000] {dagbag.py:538} INFO - Filling up the DagBag from /opt/airflow/dags/data_lake_pipeline.py
[2025-01-13T14:11:32.216+0000] {logging_mixin.py:137} INFO - [2025-01-13T14:11:32.215+0000] {dagbag.py:343} ERROR - Failed to import: /opt/airflow/dags/data_lake_pipeline.py
Traceback (most recent call last):
  File "/home/airflow/.local/lib/python3.7/site-packages/airflow/models/dagbag.py", line 339, in parse
    loader.exec_module(new_module)
  File "<frozen importlib._bootstrap_external>", line 728, in exec_module
  File "<frozen importlib._bootstrap>", line 219, in _call_with_frames_removed
  File "/opt/airflow/dags/data_lake_pipeline.py", line 6, in <module>
    import pymongo
ModuleNotFoundError: No module named 'pymongo'
[2025-01-13T14:11:32.216+0000] {processor.py:755} WARNING - No viable dags retrieved from /opt/airflow/dags/data_lake_pipeline.py
[2025-01-13T14:11:32.239+0000] {processor.py:175} INFO - Processing /opt/airflow/dags/data_lake_pipeline.py took 0.116 seconds
[2025-01-13T14:12:02.399+0000] {processor.py:153} INFO - Started process (PID=835) to work on /opt/airflow/dags/data_lake_pipeline.py
[2025-01-13T14:12:02.402+0000] {processor.py:743} INFO - Processing file /opt/airflow/dags/data_lake_pipeline.py for tasks to queue
[2025-01-13T14:12:02.403+0000] {logging_mixin.py:137} INFO - [2025-01-13T14:12:02.402+0000] {dagbag.py:538} INFO - Filling up the DagBag from /opt/airflow/dags/data_lake_pipeline.py
[2025-01-13T14:12:02.475+0000] {logging_mixin.py:137} INFO - [2025-01-13T14:12:02.474+0000] {dagbag.py:343} ERROR - Failed to import: /opt/airflow/dags/data_lake_pipeline.py
Traceback (most recent call last):
  File "/home/airflow/.local/lib/python3.7/site-packages/airflow/models/dagbag.py", line 339, in parse
    loader.exec_module(new_module)
  File "<frozen importlib._bootstrap_external>", line 728, in exec_module
  File "<frozen importlib._bootstrap>", line 219, in _call_with_frames_removed
  File "/opt/airflow/dags/data_lake_pipeline.py", line 6, in <module>
    import pymongo
ModuleNotFoundError: No module named 'pymongo'
[2025-01-13T14:12:02.475+0000] {processor.py:755} WARNING - No viable dags retrieved from /opt/airflow/dags/data_lake_pipeline.py
[2025-01-13T14:12:02.498+0000] {processor.py:175} INFO - Processing /opt/airflow/dags/data_lake_pipeline.py took 0.102 seconds
[2025-01-13T14:12:32.556+0000] {processor.py:153} INFO - Started process (PID=840) to work on /opt/airflow/dags/data_lake_pipeline.py
[2025-01-13T14:12:32.559+0000] {processor.py:743} INFO - Processing file /opt/airflow/dags/data_lake_pipeline.py for tasks to queue
[2025-01-13T14:12:32.559+0000] {logging_mixin.py:137} INFO - [2025-01-13T14:12:32.559+0000] {dagbag.py:538} INFO - Filling up the DagBag from /opt/airflow/dags/data_lake_pipeline.py
[2025-01-13T14:12:32.642+0000] {logging_mixin.py:137} INFO - [2025-01-13T14:12:32.641+0000] {dagbag.py:343} ERROR - Failed to import: /opt/airflow/dags/data_lake_pipeline.py
Traceback (most recent call last):
  File "/home/airflow/.local/lib/python3.7/site-packages/airflow/models/dagbag.py", line 339, in parse
    loader.exec_module(new_module)
  File "<frozen importlib._bootstrap_external>", line 728, in exec_module
  File "<frozen importlib._bootstrap>", line 219, in _call_with_frames_removed
  File "/opt/airflow/dags/data_lake_pipeline.py", line 6, in <module>
    import pymongo
ModuleNotFoundError: No module named 'pymongo'
[2025-01-13T14:12:32.642+0000] {processor.py:755} WARNING - No viable dags retrieved from /opt/airflow/dags/data_lake_pipeline.py
[2025-01-13T14:12:32.663+0000] {processor.py:175} INFO - Processing /opt/airflow/dags/data_lake_pipeline.py took 0.110 seconds
[2025-01-13T14:13:02.811+0000] {processor.py:153} INFO - Started process (PID=845) to work on /opt/airflow/dags/data_lake_pipeline.py
[2025-01-13T14:13:02.812+0000] {processor.py:743} INFO - Processing file /opt/airflow/dags/data_lake_pipeline.py for tasks to queue
[2025-01-13T14:13:02.812+0000] {logging_mixin.py:137} INFO - [2025-01-13T14:13:02.812+0000] {dagbag.py:538} INFO - Filling up the DagBag from /opt/airflow/dags/data_lake_pipeline.py
[2025-01-13T14:13:02.894+0000] {logging_mixin.py:137} INFO - [2025-01-13T14:13:02.893+0000] {dagbag.py:343} ERROR - Failed to import: /opt/airflow/dags/data_lake_pipeline.py
Traceback (most recent call last):
  File "/home/airflow/.local/lib/python3.7/site-packages/airflow/models/dagbag.py", line 339, in parse
    loader.exec_module(new_module)
  File "<frozen importlib._bootstrap_external>", line 728, in exec_module
  File "<frozen importlib._bootstrap>", line 219, in _call_with_frames_removed
  File "/opt/airflow/dags/data_lake_pipeline.py", line 6, in <module>
    import pymongo
ModuleNotFoundError: No module named 'pymongo'
[2025-01-13T14:13:02.894+0000] {processor.py:755} WARNING - No viable dags retrieved from /opt/airflow/dags/data_lake_pipeline.py
[2025-01-13T14:13:02.915+0000] {processor.py:175} INFO - Processing /opt/airflow/dags/data_lake_pipeline.py took 0.107 seconds
[2025-01-13T14:13:32.979+0000] {processor.py:153} INFO - Started process (PID=850) to work on /opt/airflow/dags/data_lake_pipeline.py
[2025-01-13T14:13:32.980+0000] {processor.py:743} INFO - Processing file /opt/airflow/dags/data_lake_pipeline.py for tasks to queue
[2025-01-13T14:13:32.981+0000] {logging_mixin.py:137} INFO - [2025-01-13T14:13:32.981+0000] {dagbag.py:538} INFO - Filling up the DagBag from /opt/airflow/dags/data_lake_pipeline.py
[2025-01-13T14:13:33.066+0000] {logging_mixin.py:137} INFO - [2025-01-13T14:13:33.065+0000] {dagbag.py:343} ERROR - Failed to import: /opt/airflow/dags/data_lake_pipeline.py
Traceback (most recent call last):
  File "/home/airflow/.local/lib/python3.7/site-packages/airflow/models/dagbag.py", line 339, in parse
    loader.exec_module(new_module)
  File "<frozen importlib._bootstrap_external>", line 728, in exec_module
  File "<frozen importlib._bootstrap>", line 219, in _call_with_frames_removed
  File "/opt/airflow/dags/data_lake_pipeline.py", line 6, in <module>
    import pymongo
ModuleNotFoundError: No module named 'pymongo'
[2025-01-13T14:13:33.067+0000] {processor.py:755} WARNING - No viable dags retrieved from /opt/airflow/dags/data_lake_pipeline.py
[2025-01-13T14:13:33.136+0000] {processor.py:175} INFO - Processing /opt/airflow/dags/data_lake_pipeline.py took 0.126 seconds
[2025-01-13T14:14:03.270+0000] {processor.py:153} INFO - Started process (PID=855) to work on /opt/airflow/dags/data_lake_pipeline.py
[2025-01-13T14:14:03.271+0000] {processor.py:743} INFO - Processing file /opt/airflow/dags/data_lake_pipeline.py for tasks to queue
[2025-01-13T14:14:03.271+0000] {logging_mixin.py:137} INFO - [2025-01-13T14:14:03.271+0000] {dagbag.py:538} INFO - Filling up the DagBag from /opt/airflow/dags/data_lake_pipeline.py
[2025-01-13T14:14:03.351+0000] {logging_mixin.py:137} INFO - [2025-01-13T14:14:03.350+0000] {dagbag.py:343} ERROR - Failed to import: /opt/airflow/dags/data_lake_pipeline.py
Traceback (most recent call last):
  File "/home/airflow/.local/lib/python3.7/site-packages/airflow/models/dagbag.py", line 339, in parse
    loader.exec_module(new_module)
  File "<frozen importlib._bootstrap_external>", line 728, in exec_module
  File "<frozen importlib._bootstrap>", line 219, in _call_with_frames_removed
  File "/opt/airflow/dags/data_lake_pipeline.py", line 6, in <module>
    import pymongo
ModuleNotFoundError: No module named 'pymongo'
[2025-01-13T14:14:03.351+0000] {processor.py:755} WARNING - No viable dags retrieved from /opt/airflow/dags/data_lake_pipeline.py
[2025-01-13T14:14:03.376+0000] {processor.py:175} INFO - Processing /opt/airflow/dags/data_lake_pipeline.py took 0.110 seconds
[2025-01-13T14:14:33.460+0000] {processor.py:153} INFO - Started process (PID=860) to work on /opt/airflow/dags/data_lake_pipeline.py
[2025-01-13T14:14:33.461+0000] {processor.py:743} INFO - Processing file /opt/airflow/dags/data_lake_pipeline.py for tasks to queue
[2025-01-13T14:14:33.461+0000] {logging_mixin.py:137} INFO - [2025-01-13T14:14:33.461+0000] {dagbag.py:538} INFO - Filling up the DagBag from /opt/airflow/dags/data_lake_pipeline.py
[2025-01-13T14:14:33.540+0000] {logging_mixin.py:137} INFO - [2025-01-13T14:14:33.540+0000] {dagbag.py:343} ERROR - Failed to import: /opt/airflow/dags/data_lake_pipeline.py
Traceback (most recent call last):
  File "/home/airflow/.local/lib/python3.7/site-packages/airflow/models/dagbag.py", line 339, in parse
    loader.exec_module(new_module)
  File "<frozen importlib._bootstrap_external>", line 728, in exec_module
  File "<frozen importlib._bootstrap>", line 219, in _call_with_frames_removed
  File "/opt/airflow/dags/data_lake_pipeline.py", line 6, in <module>
    import pymongo
ModuleNotFoundError: No module named 'pymongo'
[2025-01-13T14:14:33.541+0000] {processor.py:755} WARNING - No viable dags retrieved from /opt/airflow/dags/data_lake_pipeline.py
[2025-01-13T14:14:33.560+0000] {processor.py:175} INFO - Processing /opt/airflow/dags/data_lake_pipeline.py took 0.104 seconds
[2025-01-13T14:15:03.724+0000] {processor.py:153} INFO - Started process (PID=865) to work on /opt/airflow/dags/data_lake_pipeline.py
[2025-01-13T14:15:03.727+0000] {processor.py:743} INFO - Processing file /opt/airflow/dags/data_lake_pipeline.py for tasks to queue
[2025-01-13T14:15:03.727+0000] {logging_mixin.py:137} INFO - [2025-01-13T14:15:03.727+0000] {dagbag.py:538} INFO - Filling up the DagBag from /opt/airflow/dags/data_lake_pipeline.py
[2025-01-13T14:15:03.787+0000] {logging_mixin.py:137} INFO - [2025-01-13T14:15:03.786+0000] {dagbag.py:343} ERROR - Failed to import: /opt/airflow/dags/data_lake_pipeline.py
Traceback (most recent call last):
  File "/home/airflow/.local/lib/python3.7/site-packages/airflow/models/dagbag.py", line 339, in parse
    loader.exec_module(new_module)
  File "<frozen importlib._bootstrap_external>", line 728, in exec_module
  File "<frozen importlib._bootstrap>", line 219, in _call_with_frames_removed
  File "/opt/airflow/dags/data_lake_pipeline.py", line 6, in <module>
    import pymongo
ModuleNotFoundError: No module named 'pymongo'
[2025-01-13T14:15:03.787+0000] {processor.py:755} WARNING - No viable dags retrieved from /opt/airflow/dags/data_lake_pipeline.py
[2025-01-13T14:15:03.807+0000] {processor.py:175} INFO - Processing /opt/airflow/dags/data_lake_pipeline.py took 0.085 seconds
[2025-01-13T14:15:33.909+0000] {processor.py:153} INFO - Started process (PID=870) to work on /opt/airflow/dags/data_lake_pipeline.py
[2025-01-13T14:15:33.909+0000] {processor.py:743} INFO - Processing file /opt/airflow/dags/data_lake_pipeline.py for tasks to queue
[2025-01-13T14:15:33.910+0000] {logging_mixin.py:137} INFO - [2025-01-13T14:15:33.910+0000] {dagbag.py:538} INFO - Filling up the DagBag from /opt/airflow/dags/data_lake_pipeline.py
[2025-01-13T14:15:33.977+0000] {logging_mixin.py:137} INFO - [2025-01-13T14:15:33.976+0000] {dagbag.py:343} ERROR - Failed to import: /opt/airflow/dags/data_lake_pipeline.py
Traceback (most recent call last):
  File "/home/airflow/.local/lib/python3.7/site-packages/airflow/models/dagbag.py", line 339, in parse
    loader.exec_module(new_module)
  File "<frozen importlib._bootstrap_external>", line 728, in exec_module
  File "<frozen importlib._bootstrap>", line 219, in _call_with_frames_removed
  File "/opt/airflow/dags/data_lake_pipeline.py", line 6, in <module>
    import pymongo
ModuleNotFoundError: No module named 'pymongo'
[2025-01-13T14:15:33.977+0000] {processor.py:755} WARNING - No viable dags retrieved from /opt/airflow/dags/data_lake_pipeline.py
[2025-01-13T14:15:33.998+0000] {processor.py:175} INFO - Processing /opt/airflow/dags/data_lake_pipeline.py took 0.092 seconds
[2025-01-13T14:16:04.164+0000] {processor.py:153} INFO - Started process (PID=875) to work on /opt/airflow/dags/data_lake_pipeline.py
[2025-01-13T14:16:04.166+0000] {processor.py:743} INFO - Processing file /opt/airflow/dags/data_lake_pipeline.py for tasks to queue
[2025-01-13T14:16:04.167+0000] {logging_mixin.py:137} INFO - [2025-01-13T14:16:04.167+0000] {dagbag.py:538} INFO - Filling up the DagBag from /opt/airflow/dags/data_lake_pipeline.py
[2025-01-13T14:16:04.222+0000] {logging_mixin.py:137} INFO - [2025-01-13T14:16:04.221+0000] {dagbag.py:343} ERROR - Failed to import: /opt/airflow/dags/data_lake_pipeline.py
Traceback (most recent call last):
  File "/home/airflow/.local/lib/python3.7/site-packages/airflow/models/dagbag.py", line 339, in parse
    loader.exec_module(new_module)
  File "<frozen importlib._bootstrap_external>", line 728, in exec_module
  File "<frozen importlib._bootstrap>", line 219, in _call_with_frames_removed
  File "/opt/airflow/dags/data_lake_pipeline.py", line 6, in <module>
    import pymongo
ModuleNotFoundError: No module named 'pymongo'
[2025-01-13T14:16:04.222+0000] {processor.py:755} WARNING - No viable dags retrieved from /opt/airflow/dags/data_lake_pipeline.py
[2025-01-13T14:16:04.238+0000] {processor.py:175} INFO - Processing /opt/airflow/dags/data_lake_pipeline.py took 0.076 seconds
[2025-01-13T14:16:34.356+0000] {processor.py:153} INFO - Started process (PID=880) to work on /opt/airflow/dags/data_lake_pipeline.py
[2025-01-13T14:16:34.356+0000] {processor.py:743} INFO - Processing file /opt/airflow/dags/data_lake_pipeline.py for tasks to queue
[2025-01-13T14:16:34.357+0000] {logging_mixin.py:137} INFO - [2025-01-13T14:16:34.356+0000] {dagbag.py:538} INFO - Filling up the DagBag from /opt/airflow/dags/data_lake_pipeline.py
[2025-01-13T14:16:34.418+0000] {logging_mixin.py:137} INFO - [2025-01-13T14:16:34.417+0000] {dagbag.py:343} ERROR - Failed to import: /opt/airflow/dags/data_lake_pipeline.py
Traceback (most recent call last):
  File "/home/airflow/.local/lib/python3.7/site-packages/airflow/models/dagbag.py", line 339, in parse
    loader.exec_module(new_module)
  File "<frozen importlib._bootstrap_external>", line 728, in exec_module
  File "<frozen importlib._bootstrap>", line 219, in _call_with_frames_removed
  File "/opt/airflow/dags/data_lake_pipeline.py", line 6, in <module>
    import pymongo
ModuleNotFoundError: No module named 'pymongo'
[2025-01-13T14:16:34.419+0000] {processor.py:755} WARNING - No viable dags retrieved from /opt/airflow/dags/data_lake_pipeline.py
[2025-01-13T14:16:34.438+0000] {processor.py:175} INFO - Processing /opt/airflow/dags/data_lake_pipeline.py took 0.085 seconds
[2025-01-13T14:17:04.582+0000] {processor.py:153} INFO - Started process (PID=885) to work on /opt/airflow/dags/data_lake_pipeline.py
[2025-01-13T14:17:04.583+0000] {processor.py:743} INFO - Processing file /opt/airflow/dags/data_lake_pipeline.py for tasks to queue
[2025-01-13T14:17:04.583+0000] {logging_mixin.py:137} INFO - [2025-01-13T14:17:04.583+0000] {dagbag.py:538} INFO - Filling up the DagBag from /opt/airflow/dags/data_lake_pipeline.py
[2025-01-13T14:17:04.652+0000] {logging_mixin.py:137} INFO - [2025-01-13T14:17:04.652+0000] {dagbag.py:343} ERROR - Failed to import: /opt/airflow/dags/data_lake_pipeline.py
Traceback (most recent call last):
  File "/home/airflow/.local/lib/python3.7/site-packages/airflow/models/dagbag.py", line 339, in parse
    loader.exec_module(new_module)
  File "<frozen importlib._bootstrap_external>", line 728, in exec_module
  File "<frozen importlib._bootstrap>", line 219, in _call_with_frames_removed
  File "/opt/airflow/dags/data_lake_pipeline.py", line 6, in <module>
    import pymongo
ModuleNotFoundError: No module named 'pymongo'
[2025-01-13T14:17:04.653+0000] {processor.py:755} WARNING - No viable dags retrieved from /opt/airflow/dags/data_lake_pipeline.py
[2025-01-13T14:17:04.673+0000] {processor.py:175} INFO - Processing /opt/airflow/dags/data_lake_pipeline.py took 0.095 seconds
[2025-01-13T14:17:34.841+0000] {processor.py:153} INFO - Started process (PID=890) to work on /opt/airflow/dags/data_lake_pipeline.py
[2025-01-13T14:17:34.843+0000] {processor.py:743} INFO - Processing file /opt/airflow/dags/data_lake_pipeline.py for tasks to queue
[2025-01-13T14:17:34.845+0000] {logging_mixin.py:137} INFO - [2025-01-13T14:17:34.844+0000] {dagbag.py:538} INFO - Filling up the DagBag from /opt/airflow/dags/data_lake_pipeline.py
[2025-01-13T14:17:35.091+0000] {logging_mixin.py:137} INFO - [2025-01-13T14:17:35.089+0000] {dagbag.py:343} ERROR - Failed to import: /opt/airflow/dags/data_lake_pipeline.py
Traceback (most recent call last):
  File "/home/airflow/.local/lib/python3.7/site-packages/airflow/models/dagbag.py", line 339, in parse
    loader.exec_module(new_module)
  File "<frozen importlib._bootstrap_external>", line 728, in exec_module
  File "<frozen importlib._bootstrap>", line 219, in _call_with_frames_removed
  File "/opt/airflow/dags/data_lake_pipeline.py", line 6, in <module>
    import pymongo
ModuleNotFoundError: No module named 'pymongo'
[2025-01-13T14:17:35.092+0000] {processor.py:755} WARNING - No viable dags retrieved from /opt/airflow/dags/data_lake_pipeline.py
[2025-01-13T14:17:35.148+0000] {processor.py:175} INFO - Processing /opt/airflow/dags/data_lake_pipeline.py took 0.320 seconds
[2025-01-13T14:18:05.357+0000] {processor.py:153} INFO - Started process (PID=895) to work on /opt/airflow/dags/data_lake_pipeline.py
[2025-01-13T14:18:05.360+0000] {processor.py:743} INFO - Processing file /opt/airflow/dags/data_lake_pipeline.py for tasks to queue
[2025-01-13T14:18:05.361+0000] {logging_mixin.py:137} INFO - [2025-01-13T14:18:05.361+0000] {dagbag.py:538} INFO - Filling up the DagBag from /opt/airflow/dags/data_lake_pipeline.py
[2025-01-13T14:18:05.448+0000] {logging_mixin.py:137} INFO - [2025-01-13T14:18:05.448+0000] {dagbag.py:343} ERROR - Failed to import: /opt/airflow/dags/data_lake_pipeline.py
Traceback (most recent call last):
  File "/home/airflow/.local/lib/python3.7/site-packages/airflow/models/dagbag.py", line 339, in parse
    loader.exec_module(new_module)
  File "<frozen importlib._bootstrap_external>", line 728, in exec_module
  File "<frozen importlib._bootstrap>", line 219, in _call_with_frames_removed
  File "/opt/airflow/dags/data_lake_pipeline.py", line 6, in <module>
    import pymongo
ModuleNotFoundError: No module named 'pymongo'
[2025-01-13T14:18:05.449+0000] {processor.py:755} WARNING - No viable dags retrieved from /opt/airflow/dags/data_lake_pipeline.py
[2025-01-13T14:18:05.473+0000] {processor.py:175} INFO - Processing /opt/airflow/dags/data_lake_pipeline.py took 0.120 seconds
[2025-01-13T14:18:35.591+0000] {processor.py:153} INFO - Started process (PID=900) to work on /opt/airflow/dags/data_lake_pipeline.py
[2025-01-13T14:18:35.593+0000] {processor.py:743} INFO - Processing file /opt/airflow/dags/data_lake_pipeline.py for tasks to queue
[2025-01-13T14:18:35.594+0000] {logging_mixin.py:137} INFO - [2025-01-13T14:18:35.594+0000] {dagbag.py:538} INFO - Filling up the DagBag from /opt/airflow/dags/data_lake_pipeline.py
[2025-01-13T14:18:35.661+0000] {logging_mixin.py:137} INFO - [2025-01-13T14:18:35.661+0000] {dagbag.py:343} ERROR - Failed to import: /opt/airflow/dags/data_lake_pipeline.py
Traceback (most recent call last):
  File "/home/airflow/.local/lib/python3.7/site-packages/airflow/models/dagbag.py", line 339, in parse
    loader.exec_module(new_module)
  File "<frozen importlib._bootstrap_external>", line 728, in exec_module
  File "<frozen importlib._bootstrap>", line 219, in _call_with_frames_removed
  File "/opt/airflow/dags/data_lake_pipeline.py", line 6, in <module>
    import pymongo
ModuleNotFoundError: No module named 'pymongo'
[2025-01-13T14:18:35.662+0000] {processor.py:755} WARNING - No viable dags retrieved from /opt/airflow/dags/data_lake_pipeline.py
[2025-01-13T14:18:35.685+0000] {processor.py:175} INFO - Processing /opt/airflow/dags/data_lake_pipeline.py took 0.097 seconds
[2025-01-13T14:19:05.783+0000] {processor.py:153} INFO - Started process (PID=905) to work on /opt/airflow/dags/data_lake_pipeline.py
[2025-01-13T14:19:05.787+0000] {processor.py:743} INFO - Processing file /opt/airflow/dags/data_lake_pipeline.py for tasks to queue
[2025-01-13T14:19:05.787+0000] {logging_mixin.py:137} INFO - [2025-01-13T14:19:05.787+0000] {dagbag.py:538} INFO - Filling up the DagBag from /opt/airflow/dags/data_lake_pipeline.py
[2025-01-13T14:19:05.841+0000] {logging_mixin.py:137} INFO - [2025-01-13T14:19:05.841+0000] {dagbag.py:343} ERROR - Failed to import: /opt/airflow/dags/data_lake_pipeline.py
Traceback (most recent call last):
  File "/home/airflow/.local/lib/python3.7/site-packages/airflow/models/dagbag.py", line 339, in parse
    loader.exec_module(new_module)
  File "<frozen importlib._bootstrap_external>", line 728, in exec_module
  File "<frozen importlib._bootstrap>", line 219, in _call_with_frames_removed
  File "/opt/airflow/dags/data_lake_pipeline.py", line 6, in <module>
    import pymongo
ModuleNotFoundError: No module named 'pymongo'
[2025-01-13T14:19:05.842+0000] {processor.py:755} WARNING - No viable dags retrieved from /opt/airflow/dags/data_lake_pipeline.py
[2025-01-13T14:19:05.859+0000] {processor.py:175} INFO - Processing /opt/airflow/dags/data_lake_pipeline.py took 0.080 seconds
[2025-01-13T14:19:36.034+0000] {processor.py:153} INFO - Started process (PID=910) to work on /opt/airflow/dags/data_lake_pipeline.py
[2025-01-13T14:19:36.035+0000] {processor.py:743} INFO - Processing file /opt/airflow/dags/data_lake_pipeline.py for tasks to queue
[2025-01-13T14:19:36.035+0000] {logging_mixin.py:137} INFO - [2025-01-13T14:19:36.035+0000] {dagbag.py:538} INFO - Filling up the DagBag from /opt/airflow/dags/data_lake_pipeline.py
[2025-01-13T14:19:36.159+0000] {logging_mixin.py:137} INFO - [2025-01-13T14:19:36.158+0000] {dagbag.py:343} ERROR - Failed to import: /opt/airflow/dags/data_lake_pipeline.py
Traceback (most recent call last):
  File "/home/airflow/.local/lib/python3.7/site-packages/airflow/models/dagbag.py", line 339, in parse
    loader.exec_module(new_module)
  File "<frozen importlib._bootstrap_external>", line 728, in exec_module
  File "<frozen importlib._bootstrap>", line 219, in _call_with_frames_removed
  File "/opt/airflow/dags/data_lake_pipeline.py", line 6, in <module>
    import pymongo
ModuleNotFoundError: No module named 'pymongo'
[2025-01-13T14:19:36.159+0000] {processor.py:755} WARNING - No viable dags retrieved from /opt/airflow/dags/data_lake_pipeline.py
[2025-01-13T14:19:36.175+0000] {processor.py:175} INFO - Processing /opt/airflow/dags/data_lake_pipeline.py took 0.143 seconds
[2025-01-13T14:20:06.235+0000] {processor.py:153} INFO - Started process (PID=915) to work on /opt/airflow/dags/data_lake_pipeline.py
[2025-01-13T14:20:06.236+0000] {processor.py:743} INFO - Processing file /opt/airflow/dags/data_lake_pipeline.py for tasks to queue
[2025-01-13T14:20:06.236+0000] {logging_mixin.py:137} INFO - [2025-01-13T14:20:06.236+0000] {dagbag.py:538} INFO - Filling up the DagBag from /opt/airflow/dags/data_lake_pipeline.py
[2025-01-13T14:20:06.295+0000] {logging_mixin.py:137} INFO - [2025-01-13T14:20:06.295+0000] {dagbag.py:343} ERROR - Failed to import: /opt/airflow/dags/data_lake_pipeline.py
Traceback (most recent call last):
  File "/home/airflow/.local/lib/python3.7/site-packages/airflow/models/dagbag.py", line 339, in parse
    loader.exec_module(new_module)
  File "<frozen importlib._bootstrap_external>", line 728, in exec_module
  File "<frozen importlib._bootstrap>", line 219, in _call_with_frames_removed
  File "/opt/airflow/dags/data_lake_pipeline.py", line 6, in <module>
    import pymongo
ModuleNotFoundError: No module named 'pymongo'
[2025-01-13T14:20:06.296+0000] {processor.py:755} WARNING - No viable dags retrieved from /opt/airflow/dags/data_lake_pipeline.py
[2025-01-13T14:20:06.313+0000] {processor.py:175} INFO - Processing /opt/airflow/dags/data_lake_pipeline.py took 0.082 seconds
[2025-01-13T14:20:36.392+0000] {processor.py:153} INFO - Started process (PID=920) to work on /opt/airflow/dags/data_lake_pipeline.py
[2025-01-13T14:20:36.393+0000] {processor.py:743} INFO - Processing file /opt/airflow/dags/data_lake_pipeline.py for tasks to queue
[2025-01-13T14:20:36.393+0000] {logging_mixin.py:137} INFO - [2025-01-13T14:20:36.393+0000] {dagbag.py:538} INFO - Filling up the DagBag from /opt/airflow/dags/data_lake_pipeline.py
[2025-01-13T14:20:36.463+0000] {logging_mixin.py:137} INFO - [2025-01-13T14:20:36.462+0000] {dagbag.py:343} ERROR - Failed to import: /opt/airflow/dags/data_lake_pipeline.py
Traceback (most recent call last):
  File "/home/airflow/.local/lib/python3.7/site-packages/airflow/models/dagbag.py", line 339, in parse
    loader.exec_module(new_module)
  File "<frozen importlib._bootstrap_external>", line 728, in exec_module
  File "<frozen importlib._bootstrap>", line 219, in _call_with_frames_removed
  File "/opt/airflow/dags/data_lake_pipeline.py", line 6, in <module>
    import pymongo
ModuleNotFoundError: No module named 'pymongo'
[2025-01-13T14:20:36.464+0000] {processor.py:755} WARNING - No viable dags retrieved from /opt/airflow/dags/data_lake_pipeline.py
[2025-01-13T14:20:36.484+0000] {processor.py:175} INFO - Processing /opt/airflow/dags/data_lake_pipeline.py took 0.095 seconds
[2025-01-13T14:21:06.657+0000] {processor.py:153} INFO - Started process (PID=925) to work on /opt/airflow/dags/data_lake_pipeline.py
[2025-01-13T14:21:06.658+0000] {processor.py:743} INFO - Processing file /opt/airflow/dags/data_lake_pipeline.py for tasks to queue
[2025-01-13T14:21:06.659+0000] {logging_mixin.py:137} INFO - [2025-01-13T14:21:06.659+0000] {dagbag.py:538} INFO - Filling up the DagBag from /opt/airflow/dags/data_lake_pipeline.py
[2025-01-13T14:21:06.732+0000] {logging_mixin.py:137} INFO - [2025-01-13T14:21:06.731+0000] {dagbag.py:343} ERROR - Failed to import: /opt/airflow/dags/data_lake_pipeline.py
Traceback (most recent call last):
  File "/home/airflow/.local/lib/python3.7/site-packages/airflow/models/dagbag.py", line 339, in parse
    loader.exec_module(new_module)
  File "<frozen importlib._bootstrap_external>", line 728, in exec_module
  File "<frozen importlib._bootstrap>", line 219, in _call_with_frames_removed
  File "/opt/airflow/dags/data_lake_pipeline.py", line 6, in <module>
    import pymongo
ModuleNotFoundError: No module named 'pymongo'
[2025-01-13T14:21:06.732+0000] {processor.py:755} WARNING - No viable dags retrieved from /opt/airflow/dags/data_lake_pipeline.py
[2025-01-13T14:21:06.766+0000] {processor.py:175} INFO - Processing /opt/airflow/dags/data_lake_pipeline.py took 0.111 seconds
[2025-01-13T14:22:02.130+0000] {processor.py:153} INFO - Started process (PID=930) to work on /opt/airflow/dags/data_lake_pipeline.py
[2025-01-13T14:22:02.131+0000] {processor.py:743} INFO - Processing file /opt/airflow/dags/data_lake_pipeline.py for tasks to queue
[2025-01-13T14:22:02.132+0000] {logging_mixin.py:137} INFO - [2025-01-13T14:22:02.132+0000] {dagbag.py:538} INFO - Filling up the DagBag from /opt/airflow/dags/data_lake_pipeline.py
[2025-01-13T14:22:02.798+0000] {logging_mixin.py:137} INFO - [2025-01-13T14:22:02.788+0000] {dagbag.py:343} ERROR - Failed to import: /opt/airflow/dags/data_lake_pipeline.py
Traceback (most recent call last):
  File "/home/airflow/.local/lib/python3.7/site-packages/airflow/models/dagbag.py", line 339, in parse
    loader.exec_module(new_module)
  File "<frozen importlib._bootstrap_external>", line 728, in exec_module
  File "<frozen importlib._bootstrap>", line 219, in _call_with_frames_removed
  File "/opt/airflow/dags/data_lake_pipeline.py", line 6, in <module>
    import pymongo
ModuleNotFoundError: No module named 'pymongo'
[2025-01-13T14:22:02.804+0000] {processor.py:755} WARNING - No viable dags retrieved from /opt/airflow/dags/data_lake_pipeline.py
[2025-01-13T14:22:02.994+0000] {processor.py:175} INFO - Processing /opt/airflow/dags/data_lake_pipeline.py took 0.867 seconds
[2025-01-13T14:38:48.146+0000] {processor.py:153} INFO - Started process (PID=937) to work on /opt/airflow/dags/data_lake_pipeline.py
[2025-01-13T14:38:48.146+0000] {processor.py:743} INFO - Processing file /opt/airflow/dags/data_lake_pipeline.py for tasks to queue
[2025-01-13T14:38:48.147+0000] {logging_mixin.py:137} INFO - [2025-01-13T14:38:48.147+0000] {dagbag.py:538} INFO - Filling up the DagBag from /opt/airflow/dags/data_lake_pipeline.py
[2025-01-13T14:38:49.018+0000] {logging_mixin.py:137} INFO - [2025-01-13T14:38:48.932+0000] {dagbag.py:343} ERROR - Failed to import: /opt/airflow/dags/data_lake_pipeline.py
Traceback (most recent call last):
  File "/home/airflow/.local/lib/python3.7/site-packages/airflow/models/dagbag.py", line 339, in parse
    loader.exec_module(new_module)
  File "<frozen importlib._bootstrap_external>", line 728, in exec_module
  File "<frozen importlib._bootstrap>", line 219, in _call_with_frames_removed
  File "/opt/airflow/dags/data_lake_pipeline.py", line 6, in <module>
    import pymongo
ModuleNotFoundError: No module named 'pymongo'
[2025-01-13T14:38:49.027+0000] {processor.py:755} WARNING - No viable dags retrieved from /opt/airflow/dags/data_lake_pipeline.py
[2025-01-13T14:38:49.085+0000] {processor.py:175} INFO - Processing /opt/airflow/dags/data_lake_pipeline.py took 0.943 seconds
