[2025-01-13T12:38:47.201+0000] {manager.py:483} INFO - Processing files using up to 2 processes at a time 
[2025-01-13T12:38:47.212+0000] {manager.py:484} INFO - Process each file at most once every 30 seconds
[2025-01-13T12:38:47.213+0000] {manager.py:486} INFO - Checking for new files in /opt/airflow/dags every 300 seconds
[2025-01-13T12:38:47.214+0000] {manager.py:726} INFO - Searching for files in /opt/airflow/dags
[2025-01-13T12:38:47.219+0000] {manager.py:729} INFO - There are 0 files in /opt/airflow/dags
[2025-01-13T12:43:48.188+0000] {manager.py:726} INFO - Searching for files in /opt/airflow/dags
[2025-01-13T12:43:48.199+0000] {manager.py:729} INFO - There are 1 files in /opt/airflow/dags
[2025-01-13T12:43:50.422+0000] {manager.py:851} INFO - 
================================================================================
DAG File Processing Stats

File Path                                  PID  Runtime      # DAGs    # Errors  Last Runtime    Last Run
---------------------------------------  -----  ---------  --------  ----------  --------------  ----------
/opt/airflow/dags/data_lake_pipeline.py    178  2.09s             0           0
================================================================================
[2025-01-13T12:44:20.648+0000] {manager.py:851} INFO - 
================================================================================
DAG File Processing Stats

File Path                                PID    Runtime      # DAGs    # Errors  Last Runtime    Last Run
---------------------------------------  -----  ---------  --------  ----------  --------------  -------------------
/opt/airflow/dags/data_lake_pipeline.py                           0           1  4.77s           2025-01-13T12:43:53
================================================================================
[2025-01-13T12:44:50.883+0000] {manager.py:851} INFO - 
================================================================================
DAG File Processing Stats

File Path                                PID    Runtime      # DAGs    # Errors  Last Runtime    Last Run
---------------------------------------  -----  ---------  --------  ----------  --------------  -------------------
/opt/airflow/dags/data_lake_pipeline.py                           0           1  0.47s           2025-01-13T12:44:23
================================================================================
[2025-01-13T12:45:21.073+0000] {manager.py:851} INFO - 
================================================================================
DAG File Processing Stats

File Path                                PID    Runtime      # DAGs    # Errors  Last Runtime    Last Run
---------------------------------------  -----  ---------  --------  ----------  --------------  -------------------
/opt/airflow/dags/data_lake_pipeline.py                           0           1  0.32s           2025-01-13T12:44:54
================================================================================
[2025-01-13T12:45:51.506+0000] {manager.py:851} INFO - 
================================================================================
DAG File Processing Stats

File Path                                PID    Runtime      # DAGs    # Errors  Last Runtime    Last Run
---------------------------------------  -----  ---------  --------  ----------  --------------  -------------------
/opt/airflow/dags/data_lake_pipeline.py                           0           1  0.20s           2025-01-13T12:45:24
================================================================================
[2025-01-13T12:46:21.870+0000] {manager.py:851} INFO - 
================================================================================
DAG File Processing Stats

File Path                                PID    Runtime      # DAGs    # Errors  Last Runtime    Last Run
---------------------------------------  -----  ---------  --------  ----------  --------------  -------------------
/opt/airflow/dags/data_lake_pipeline.py                           0           1  0.12s           2025-01-13T12:45:54
================================================================================
[2025-01-13T12:46:52.190+0000] {manager.py:851} INFO - 
================================================================================
DAG File Processing Stats

File Path                                PID    Runtime      # DAGs    # Errors  Last Runtime    Last Run
---------------------------------------  -----  ---------  --------  ----------  --------------  -------------------
/opt/airflow/dags/data_lake_pipeline.py                           0           1  0.32s           2025-01-13T12:46:25
================================================================================
[2025-01-13T12:47:22.598+0000] {manager.py:851} INFO - 
================================================================================
DAG File Processing Stats

File Path                                PID    Runtime      # DAGs    # Errors  Last Runtime    Last Run
---------------------------------------  -----  ---------  --------  ----------  --------------  -------------------
/opt/airflow/dags/data_lake_pipeline.py                           0           1  0.44s           2025-01-13T12:46:55
================================================================================
[2025-01-13T12:47:52.955+0000] {manager.py:851} INFO - 
================================================================================
DAG File Processing Stats

File Path                                PID    Runtime      # DAGs    # Errors  Last Runtime    Last Run
---------------------------------------  -----  ---------  --------  ----------  --------------  -------------------
/opt/airflow/dags/data_lake_pipeline.py                           0           1  0.16s           2025-01-13T12:47:25
================================================================================
[2025-01-13T12:48:23.385+0000] {manager.py:851} INFO - 
================================================================================
DAG File Processing Stats

File Path                                PID    Runtime      # DAGs    # Errors  Last Runtime    Last Run
---------------------------------------  -----  ---------  --------  ----------  --------------  -------------------
/opt/airflow/dags/data_lake_pipeline.py                           0           1  0.19s           2025-01-13T12:47:56
================================================================================
[2025-01-13T12:48:48.588+0000] {manager.py:726} INFO - Searching for files in /opt/airflow/dags
[2025-01-13T12:48:48.590+0000] {manager.py:729} INFO - There are 1 files in /opt/airflow/dags
[2025-01-13T12:48:53.638+0000] {manager.py:851} INFO - 
================================================================================
DAG File Processing Stats

File Path                                PID    Runtime      # DAGs    # Errors  Last Runtime    Last Run
---------------------------------------  -----  ---------  --------  ----------  --------------  -------------------
/opt/airflow/dags/data_lake_pipeline.py                           0           1  0.20s           2025-01-13T12:48:26
================================================================================
[2025-01-13T12:49:24.052+0000] {manager.py:851} INFO - 
================================================================================
DAG File Processing Stats

File Path                                PID    Runtime      # DAGs    # Errors  Last Runtime    Last Run
---------------------------------------  -----  ---------  --------  ----------  --------------  -------------------
/opt/airflow/dags/data_lake_pipeline.py                           0           1  0.24s           2025-01-13T12:48:56
================================================================================
[2025-01-13T12:49:54.372+0000] {manager.py:851} INFO - 
================================================================================
DAG File Processing Stats

File Path                                PID    Runtime      # DAGs    # Errors  Last Runtime    Last Run
---------------------------------------  -----  ---------  --------  ----------  --------------  -------------------
/opt/airflow/dags/data_lake_pipeline.py                           0           1  0.70s           2025-01-13T12:49:27
================================================================================
[2025-01-13T12:50:25.201+0000] {manager.py:851} INFO - 
================================================================================
DAG File Processing Stats

File Path                                PID    Runtime      # DAGs    # Errors  Last Runtime    Last Run
---------------------------------------  -----  ---------  --------  ----------  --------------  -------------------
/opt/airflow/dags/data_lake_pipeline.py                           0           1  0.15s           2025-01-13T12:49:58
================================================================================
[2025-01-13T12:50:55.592+0000] {manager.py:851} INFO - 
================================================================================
DAG File Processing Stats

File Path                                PID    Runtime      # DAGs    # Errors  Last Runtime    Last Run
---------------------------------------  -----  ---------  --------  ----------  --------------  -------------------
/opt/airflow/dags/data_lake_pipeline.py                           0           1  0.69s           2025-01-13T12:50:28
================================================================================
[2025-01-13T12:51:25.669+0000] {manager.py:851} INFO - 
================================================================================
DAG File Processing Stats

File Path                                PID    Runtime      # DAGs    # Errors  Last Runtime    Last Run
---------------------------------------  -----  ---------  --------  ----------  --------------  -------------------
/opt/airflow/dags/data_lake_pipeline.py                           0           1  0.34s           2025-01-13T12:50:59
================================================================================
[2025-01-13T12:51:55.914+0000] {manager.py:851} INFO - 
================================================================================
DAG File Processing Stats

File Path                                PID    Runtime      # DAGs    # Errors  Last Runtime    Last Run
---------------------------------------  -----  ---------  --------  ----------  --------------  -------------------
/opt/airflow/dags/data_lake_pipeline.py                           0           1  0.17s           2025-01-13T12:51:29
================================================================================
[2025-01-13T12:52:26.383+0000] {manager.py:851} INFO - 
================================================================================
DAG File Processing Stats

File Path                                PID    Runtime      # DAGs    # Errors  Last Runtime    Last Run
---------------------------------------  -----  ---------  --------  ----------  --------------  -------------------
/opt/airflow/dags/data_lake_pipeline.py                           0           1  0.37s           2025-01-13T12:52:00
================================================================================
[2025-01-13T12:52:57.372+0000] {manager.py:851} INFO - 
================================================================================
DAG File Processing Stats

File Path                                PID    Runtime      # DAGs    # Errors  Last Runtime    Last Run
---------------------------------------  -----  ---------  --------  ----------  --------------  -------------------
/opt/airflow/dags/data_lake_pipeline.py                           0           1  0.77s           2025-01-13T12:52:31
================================================================================
[2025-01-13T12:53:27.581+0000] {manager.py:851} INFO - 
================================================================================
DAG File Processing Stats

File Path                                PID    Runtime      # DAGs    # Errors  Last Runtime    Last Run
---------------------------------------  -----  ---------  --------  ----------  --------------  -------------------
/opt/airflow/dags/data_lake_pipeline.py                           0           1  1.34s           2025-01-13T12:53:02
================================================================================
[2025-01-13T12:53:48.914+0000] {manager.py:726} INFO - Searching for files in /opt/airflow/dags
[2025-01-13T12:53:48.932+0000] {manager.py:729} INFO - There are 1 files in /opt/airflow/dags
[2025-01-13T12:53:58.100+0000] {manager.py:851} INFO - 
================================================================================
DAG File Processing Stats

File Path                                PID    Runtime      # DAGs    # Errors  Last Runtime    Last Run
---------------------------------------  -----  ---------  --------  ----------  --------------  -------------------
/opt/airflow/dags/data_lake_pipeline.py                           0           1  1.03s           2025-01-13T12:53:34
================================================================================
[2025-01-13T12:54:28.325+0000] {manager.py:851} INFO - 
================================================================================
DAG File Processing Stats

File Path                                PID    Runtime      # DAGs    # Errors  Last Runtime    Last Run
---------------------------------------  -----  ---------  --------  ----------  --------------  -------------------
/opt/airflow/dags/data_lake_pipeline.py                           0           1  0.26s           2025-01-13T12:54:05
================================================================================
[2025-01-13T12:54:58.387+0000] {manager.py:851} INFO - 
================================================================================
DAG File Processing Stats

File Path                                PID    Runtime      # DAGs    # Errors  Last Runtime    Last Run
---------------------------------------  -----  ---------  --------  ----------  --------------  -------------------
/opt/airflow/dags/data_lake_pipeline.py                           0           1  0.64s           2025-01-13T12:54:36
================================================================================
[2025-01-13T12:55:29.010+0000] {manager.py:851} INFO - 
================================================================================
DAG File Processing Stats

File Path                                PID    Runtime      # DAGs    # Errors  Last Runtime    Last Run
---------------------------------------  -----  ---------  --------  ----------  --------------  -------------------
/opt/airflow/dags/data_lake_pipeline.py                           0           1  0.76s           2025-01-13T12:55:07
================================================================================
[2025-01-13T12:55:59.732+0000] {manager.py:851} INFO - 
================================================================================
DAG File Processing Stats

File Path                                PID    Runtime      # DAGs    # Errors  Last Runtime    Last Run
---------------------------------------  -----  ---------  --------  ----------  --------------  -------------------
/opt/airflow/dags/data_lake_pipeline.py                           0           1  1.11s           2025-01-13T12:55:38
================================================================================
[2025-01-13T12:56:30.570+0000] {manager.py:851} INFO - 
================================================================================
DAG File Processing Stats

File Path                                PID    Runtime      # DAGs    # Errors  Last Runtime    Last Run
---------------------------------------  -----  ---------  --------  ----------  --------------  -------------------
/opt/airflow/dags/data_lake_pipeline.py                           0           1  2.15s           2025-01-13T12:56:11
================================================================================
[2025-01-13T12:57:00.869+0000] {manager.py:851} INFO - 
================================================================================
DAG File Processing Stats

File Path                                PID    Runtime      # DAGs    # Errors  Last Runtime    Last Run
---------------------------------------  -----  ---------  --------  ----------  --------------  -------------------
/opt/airflow/dags/data_lake_pipeline.py                           0           1  0.32s           2025-01-13T12:56:42
================================================================================
[2025-01-13T12:57:31.355+0000] {manager.py:851} INFO - 
================================================================================
DAG File Processing Stats

File Path                                PID    Runtime      # DAGs    # Errors  Last Runtime    Last Run
---------------------------------------  -----  ---------  --------  ----------  --------------  -------------------
/opt/airflow/dags/data_lake_pipeline.py                           0           1  0.43s           2025-01-13T12:57:12
================================================================================
[2025-01-13T12:58:01.939+0000] {manager.py:851} INFO - 
================================================================================
DAG File Processing Stats

File Path                                PID    Runtime      # DAGs    # Errors  Last Runtime    Last Run
---------------------------------------  -----  ---------  --------  ----------  --------------  -------------------
/opt/airflow/dags/data_lake_pipeline.py                           0           1  0.10s           2025-01-13T12:57:42
================================================================================
[2025-01-13T12:58:32.179+0000] {manager.py:851} INFO - 
================================================================================
DAG File Processing Stats

File Path                                PID    Runtime      # DAGs    # Errors  Last Runtime    Last Run
---------------------------------------  -----  ---------  --------  ----------  --------------  -------------------
/opt/airflow/dags/data_lake_pipeline.py                           0           1  0.12s           2025-01-13T12:58:13
================================================================================
[2025-01-13T12:58:49.292+0000] {manager.py:726} INFO - Searching for files in /opt/airflow/dags
[2025-01-13T12:58:49.294+0000] {manager.py:729} INFO - There are 1 files in /opt/airflow/dags
[2025-01-13T12:59:02.369+0000] {manager.py:851} INFO - 
================================================================================
DAG File Processing Stats

File Path                                PID    Runtime      # DAGs    # Errors  Last Runtime    Last Run
---------------------------------------  -----  ---------  --------  ----------  --------------  -------------------
/opt/airflow/dags/data_lake_pipeline.py                           0           1  0.12s           2025-01-13T12:58:43
================================================================================
[2025-01-13T12:59:32.617+0000] {manager.py:851} INFO - 
================================================================================
DAG File Processing Stats

File Path                                PID    Runtime      # DAGs    # Errors  Last Runtime    Last Run
---------------------------------------  -----  ---------  --------  ----------  --------------  -------------------
/opt/airflow/dags/data_lake_pipeline.py                           0           1  0.12s           2025-01-13T12:59:13
================================================================================
[2025-01-13T13:00:02.813+0000] {manager.py:851} INFO - 
================================================================================
DAG File Processing Stats

File Path                                PID    Runtime      # DAGs    # Errors  Last Runtime    Last Run
---------------------------------------  -----  ---------  --------  ----------  --------------  -------------------
/opt/airflow/dags/data_lake_pipeline.py                           0           1  0.17s           2025-01-13T12:59:43
================================================================================
[2025-01-13T13:00:32.970+0000] {manager.py:851} INFO - 
================================================================================
DAG File Processing Stats

File Path                                PID    Runtime      # DAGs    # Errors  Last Runtime    Last Run
---------------------------------------  -----  ---------  --------  ----------  --------------  -------------------
/opt/airflow/dags/data_lake_pipeline.py                           0           1  0.09s           2025-01-13T13:00:13
================================================================================
[2025-01-13T13:01:03.226+0000] {manager.py:851} INFO - 
================================================================================
DAG File Processing Stats

File Path                                PID    Runtime      # DAGs    # Errors  Last Runtime    Last Run
---------------------------------------  -----  ---------  --------  ----------  --------------  -------------------
/opt/airflow/dags/data_lake_pipeline.py                           0           1  0.11s           2025-01-13T13:00:44
================================================================================
[2025-01-13T13:01:33.391+0000] {manager.py:851} INFO - 
================================================================================
DAG File Processing Stats

File Path                                PID    Runtime      # DAGs    # Errors  Last Runtime    Last Run
---------------------------------------  -----  ---------  --------  ----------  --------------  -------------------
/opt/airflow/dags/data_lake_pipeline.py                           0           1  0.11s           2025-01-13T13:01:14
================================================================================
[2025-01-13T13:02:03.642+0000] {manager.py:851} INFO - 
================================================================================
DAG File Processing Stats

File Path                                PID    Runtime      # DAGs    # Errors  Last Runtime    Last Run
---------------------------------------  -----  ---------  --------  ----------  --------------  -------------------
/opt/airflow/dags/data_lake_pipeline.py                           0           1  0.11s           2025-01-13T13:01:44
================================================================================
[2025-01-13T13:02:33.812+0000] {manager.py:851} INFO - 
================================================================================
DAG File Processing Stats

File Path                                PID    Runtime      # DAGs    # Errors  Last Runtime    Last Run
---------------------------------------  -----  ---------  --------  ----------  --------------  -------------------
/opt/airflow/dags/data_lake_pipeline.py                           0           1  0.10s           2025-01-13T13:02:14
================================================================================
[2025-01-13T13:03:04.144+0000] {manager.py:851} INFO - 
================================================================================
DAG File Processing Stats

File Path                                PID    Runtime      # DAGs    # Errors  Last Runtime    Last Run
---------------------------------------  -----  ---------  --------  ----------  --------------  -------------------
/opt/airflow/dags/data_lake_pipeline.py                           0           1  0.29s           2025-01-13T13:02:45
================================================================================
[2025-01-13T13:03:34.212+0000] {manager.py:851} INFO - 
================================================================================
DAG File Processing Stats

File Path                                PID    Runtime      # DAGs    # Errors  Last Runtime    Last Run
---------------------------------------  -----  ---------  --------  ----------  --------------  -------------------
/opt/airflow/dags/data_lake_pipeline.py                           0           1  0.76s           2025-01-13T13:03:15
================================================================================
[2025-01-13T13:03:49.313+0000] {manager.py:726} INFO - Searching for files in /opt/airflow/dags
[2025-01-13T13:03:49.315+0000] {manager.py:729} INFO - There are 1 files in /opt/airflow/dags
[2025-01-13T13:04:04.461+0000] {manager.py:851} INFO - 
================================================================================
DAG File Processing Stats

File Path                                PID    Runtime      # DAGs    # Errors  Last Runtime    Last Run
---------------------------------------  -----  ---------  --------  ----------  --------------  -------------------
/opt/airflow/dags/data_lake_pipeline.py                           0           1  0.44s           2025-01-13T13:03:46
================================================================================
[2025-01-13T13:04:35.142+0000] {manager.py:851} INFO - 
================================================================================
DAG File Processing Stats

File Path                                PID    Runtime      # DAGs    # Errors  Last Runtime    Last Run
---------------------------------------  -----  ---------  --------  ----------  --------------  -------------------
/opt/airflow/dags/data_lake_pipeline.py                           0           1  0.24s           2025-01-13T13:04:17
================================================================================
[2025-01-13T13:05:05.256+0000] {manager.py:851} INFO - 
================================================================================
DAG File Processing Stats

File Path                                PID    Runtime      # DAGs    # Errors  Last Runtime    Last Run
---------------------------------------  -----  ---------  --------  ----------  --------------  -------------------
/opt/airflow/dags/data_lake_pipeline.py                           0           1  0.13s           2025-01-13T13:04:47
================================================================================
[2025-01-13T13:05:35.523+0000] {manager.py:851} INFO - 
================================================================================
DAG File Processing Stats

File Path                                PID    Runtime      # DAGs    # Errors  Last Runtime    Last Run
---------------------------------------  -----  ---------  --------  ----------  --------------  -------------------
/opt/airflow/dags/data_lake_pipeline.py                           0           1  0.16s           2025-01-13T13:05:17
================================================================================
[2025-01-13T13:06:06.021+0000] {manager.py:851} INFO - 
================================================================================
DAG File Processing Stats

File Path                                PID    Runtime      # DAGs    # Errors  Last Runtime    Last Run
---------------------------------------  -----  ---------  --------  ----------  --------------  -------------------
/opt/airflow/dags/data_lake_pipeline.py                           0           1  0.30s           2025-01-13T13:05:47
================================================================================
[2025-01-13T13:06:36.405+0000] {manager.py:851} INFO - 
================================================================================
DAG File Processing Stats

File Path                                PID    Runtime      # DAGs    # Errors  Last Runtime    Last Run
---------------------------------------  -----  ---------  --------  ----------  --------------  -------------------
/opt/airflow/dags/data_lake_pipeline.py                           0           1  0.75s           2025-01-13T13:06:18
================================================================================
[2025-01-13T13:07:07.187+0000] {manager.py:851} INFO - 
================================================================================
DAG File Processing Stats

File Path                                PID    Runtime      # DAGs    # Errors  Last Runtime    Last Run
---------------------------------------  -----  ---------  --------  ----------  --------------  -------------------
/opt/airflow/dags/data_lake_pipeline.py                           0           1  0.15s           2025-01-13T13:06:49
================================================================================
[2025-01-13T13:07:37.434+0000] {manager.py:851} INFO - 
================================================================================
DAG File Processing Stats

File Path                                PID    Runtime      # DAGs    # Errors  Last Runtime    Last Run
---------------------------------------  -----  ---------  --------  ----------  --------------  -------------------
/opt/airflow/dags/data_lake_pipeline.py                           0           1  0.12s           2025-01-13T13:07:19
================================================================================
[2025-01-13T13:08:07.603+0000] {manager.py:851} INFO - 
================================================================================
DAG File Processing Stats

File Path                                PID    Runtime      # DAGs    # Errors  Last Runtime    Last Run
---------------------------------------  -----  ---------  --------  ----------  --------------  -------------------
/opt/airflow/dags/data_lake_pipeline.py                           0           1  0.11s           2025-01-13T13:07:49
================================================================================
[2025-01-13T13:08:37.895+0000] {manager.py:851} INFO - 
================================================================================
DAG File Processing Stats

File Path                                PID    Runtime      # DAGs    # Errors  Last Runtime    Last Run
---------------------------------------  -----  ---------  --------  ----------  --------------  -------------------
/opt/airflow/dags/data_lake_pipeline.py                           0           1  0.12s           2025-01-13T13:08:19
================================================================================
[2025-01-13T13:08:49.983+0000] {manager.py:726} INFO - Searching for files in /opt/airflow/dags
[2025-01-13T13:08:49.983+0000] {manager.py:729} INFO - There are 1 files in /opt/airflow/dags
[2025-01-13T13:09:08.117+0000] {manager.py:851} INFO - 
================================================================================
DAG File Processing Stats

File Path                                PID    Runtime      # DAGs    # Errors  Last Runtime    Last Run
---------------------------------------  -----  ---------  --------  ----------  --------------  -------------------
/opt/airflow/dags/data_lake_pipeline.py                           0           1  0.10s           2025-01-13T13:08:50
================================================================================
[2025-01-13T13:31:40.053+0000] {manager.py:726} INFO - Searching for files in /opt/airflow/dags
[2025-01-13T13:31:40.054+0000] {manager.py:729} INFO - There are 1 files in /opt/airflow/dags
[2025-01-13T13:31:41.082+0000] {manager.py:851} INFO - 
================================================================================
DAG File Processing Stats

File Path                                PID    Runtime      # DAGs    # Errors  Last Runtime    Last Run
---------------------------------------  -----  ---------  --------  ----------  --------------  -------------------
/opt/airflow/dags/data_lake_pipeline.py                           0           1  0.14s           2025-01-13T13:31:40
================================================================================
[2025-01-13T13:32:11.359+0000] {manager.py:851} INFO - 
================================================================================
DAG File Processing Stats

File Path                                PID    Runtime      # DAGs    # Errors  Last Runtime    Last Run
---------------------------------------  -----  ---------  --------  ----------  --------------  -------------------
/opt/airflow/dags/data_lake_pipeline.py                           0           1  0.16s           2025-01-13T13:32:10
================================================================================
[2025-01-13T13:32:41.537+0000] {manager.py:851} INFO - 
================================================================================
DAG File Processing Stats

File Path                                PID    Runtime      # DAGs    # Errors  Last Runtime    Last Run
---------------------------------------  -----  ---------  --------  ----------  --------------  -------------------
/opt/airflow/dags/data_lake_pipeline.py                           0           1  0.09s           2025-01-13T13:32:40
================================================================================
[2025-01-13T13:33:11.744+0000] {manager.py:851} INFO - 
================================================================================
DAG File Processing Stats

File Path                                PID    Runtime      # DAGs    # Errors  Last Runtime    Last Run
---------------------------------------  -----  ---------  --------  ----------  --------------  -------------------
/opt/airflow/dags/data_lake_pipeline.py                           0           1  0.10s           2025-01-13T13:33:10
================================================================================
[2025-01-13T13:33:41.963+0000] {manager.py:851} INFO - 
================================================================================
DAG File Processing Stats

File Path                                PID    Runtime      # DAGs    # Errors  Last Runtime    Last Run
---------------------------------------  -----  ---------  --------  ----------  --------------  -------------------
/opt/airflow/dags/data_lake_pipeline.py                           0           1  0.09s           2025-01-13T13:33:41
================================================================================
[2025-01-13T13:34:12.155+0000] {manager.py:851} INFO - 
================================================================================
DAG File Processing Stats

File Path                                PID    Runtime      # DAGs    # Errors  Last Runtime    Last Run
---------------------------------------  -----  ---------  --------  ----------  --------------  -------------------
/opt/airflow/dags/data_lake_pipeline.py                           0           1  0.09s           2025-01-13T13:34:11
================================================================================
[2025-01-13T13:34:42.346+0000] {manager.py:851} INFO - 
================================================================================
DAG File Processing Stats

File Path                                PID    Runtime      # DAGs    # Errors  Last Runtime    Last Run
---------------------------------------  -----  ---------  --------  ----------  --------------  -------------------
/opt/airflow/dags/data_lake_pipeline.py                           0           1  0.09s           2025-01-13T13:34:41
================================================================================
[2025-01-13T13:35:12.538+0000] {manager.py:851} INFO - 
================================================================================
DAG File Processing Stats

File Path                                PID    Runtime      # DAGs    # Errors  Last Runtime    Last Run
---------------------------------------  -----  ---------  --------  ----------  --------------  -------------------
/opt/airflow/dags/data_lake_pipeline.py                           0           1  0.10s           2025-01-13T13:35:11
================================================================================
[2025-01-13T13:35:42.750+0000] {manager.py:851} INFO - 
================================================================================
DAG File Processing Stats

File Path                                PID    Runtime      # DAGs    # Errors  Last Runtime    Last Run
---------------------------------------  -----  ---------  --------  ----------  --------------  -------------------
/opt/airflow/dags/data_lake_pipeline.py                           0           1  0.09s           2025-01-13T13:35:41
================================================================================
[2025-01-13T13:36:12.950+0000] {manager.py:851} INFO - 
================================================================================
DAG File Processing Stats

File Path                                PID    Runtime      # DAGs    # Errors  Last Runtime    Last Run
---------------------------------------  -----  ---------  --------  ----------  --------------  -------------------
/opt/airflow/dags/data_lake_pipeline.py                           0           1  0.09s           2025-01-13T13:36:12
================================================================================
[2025-01-13T13:36:40.120+0000] {manager.py:726} INFO - Searching for files in /opt/airflow/dags
[2025-01-13T13:36:40.121+0000] {manager.py:729} INFO - There are 1 files in /opt/airflow/dags
[2025-01-13T13:36:43.181+0000] {manager.py:851} INFO - 
================================================================================
DAG File Processing Stats

File Path                                PID    Runtime      # DAGs    # Errors  Last Runtime    Last Run
---------------------------------------  -----  ---------  --------  ----------  --------------  -------------------
/opt/airflow/dags/data_lake_pipeline.py                           0           1  0.28s           2025-01-13T13:36:42
================================================================================
[2025-01-13T13:37:13.587+0000] {manager.py:851} INFO - 
================================================================================
DAG File Processing Stats

File Path                                PID    Runtime      # DAGs    # Errors  Last Runtime    Last Run
---------------------------------------  -----  ---------  --------  ----------  --------------  -------------------
/opt/airflow/dags/data_lake_pipeline.py                           0           1  0.09s           2025-01-13T13:37:12
================================================================================
[2025-01-13T13:37:43.799+0000] {manager.py:851} INFO - 
================================================================================
DAG File Processing Stats

File Path                                PID    Runtime      # DAGs    # Errors  Last Runtime    Last Run
---------------------------------------  -----  ---------  --------  ----------  --------------  -------------------
/opt/airflow/dags/data_lake_pipeline.py                           0           1  0.12s           2025-01-13T13:37:42
================================================================================
[2025-01-13T13:38:13.980+0000] {manager.py:851} INFO - 
================================================================================
DAG File Processing Stats

File Path                                PID    Runtime      # DAGs    # Errors  Last Runtime    Last Run
---------------------------------------  -----  ---------  --------  ----------  --------------  -------------------
/opt/airflow/dags/data_lake_pipeline.py                           0           1  0.11s           2025-01-13T13:38:13
================================================================================
[2025-01-13T13:38:44.189+0000] {manager.py:851} INFO - 
================================================================================
DAG File Processing Stats

File Path                                PID    Runtime      # DAGs    # Errors  Last Runtime    Last Run
---------------------------------------  -----  ---------  --------  ----------  --------------  -------------------
/opt/airflow/dags/data_lake_pipeline.py                           0           1  0.09s           2025-01-13T13:38:43
================================================================================
[2025-01-13T13:39:14.434+0000] {manager.py:851} INFO - 
================================================================================
DAG File Processing Stats

File Path                                  PID  Runtime      # DAGs    # Errors  Last Runtime    Last Run
---------------------------------------  -----  ---------  --------  ----------  --------------  -------------------
/opt/airflow/dags/data_lake_pipeline.py    510  1.06s             0           1  0.09s           2025-01-13T13:38:43
================================================================================
[2025-01-13T13:39:44.759+0000] {manager.py:851} INFO - 
================================================================================
DAG File Processing Stats

File Path                                PID    Runtime      # DAGs    # Errors  Last Runtime    Last Run
---------------------------------------  -----  ---------  --------  ----------  --------------  -------------------
/opt/airflow/dags/data_lake_pipeline.py                           0           1  2.67s           2025-01-13T13:39:16
================================================================================
[2025-01-13T13:40:14.928+0000] {manager.py:851} INFO - 
================================================================================
DAG File Processing Stats

File Path                                PID    Runtime      # DAGs    # Errors  Last Runtime    Last Run
---------------------------------------  -----  ---------  --------  ----------  --------------  -------------------
/opt/airflow/dags/data_lake_pipeline.py                           0           1  0.60s           2025-01-13T13:39:46
================================================================================
[2025-01-13T13:40:45.151+0000] {manager.py:851} INFO - 
================================================================================
DAG File Processing Stats

File Path                                PID    Runtime      # DAGs    # Errors  Last Runtime    Last Run
---------------------------------------  -----  ---------  --------  ----------  --------------  -------------------
/opt/airflow/dags/data_lake_pipeline.py                           0           1  0.33s           2025-01-13T13:40:17
================================================================================
[2025-01-13T13:41:15.576+0000] {manager.py:851} INFO - 
================================================================================
DAG File Processing Stats

File Path                                PID    Runtime      # DAGs    # Errors  Last Runtime    Last Run
---------------------------------------  -----  ---------  --------  ----------  --------------  -------------------
/opt/airflow/dags/data_lake_pipeline.py                           0           1  0.10s           2025-01-13T13:40:47
================================================================================
[2025-01-13T13:41:40.160+0000] {manager.py:726} INFO - Searching for files in /opt/airflow/dags
[2025-01-13T13:41:40.162+0000] {manager.py:729} INFO - There are 1 files in /opt/airflow/dags
[2025-01-13T13:41:45.943+0000] {manager.py:851} INFO - 
================================================================================
DAG File Processing Stats

File Path                                PID    Runtime      # DAGs    # Errors  Last Runtime    Last Run
---------------------------------------  -----  ---------  --------  ----------  --------------  -------------------
/opt/airflow/dags/data_lake_pipeline.py                           0           1  0.40s           2025-01-13T13:41:17
================================================================================
[2025-01-13T13:42:16.385+0000] {manager.py:851} INFO - 
================================================================================
DAG File Processing Stats

File Path                                PID    Runtime      # DAGs    # Errors  Last Runtime    Last Run
---------------------------------------  -----  ---------  --------  ----------  --------------  -------------------
/opt/airflow/dags/data_lake_pipeline.py                           0           1  0.13s           2025-01-13T13:41:48
================================================================================
[2025-01-13T13:42:46.690+0000] {manager.py:851} INFO - 
================================================================================
DAG File Processing Stats

File Path                                PID    Runtime      # DAGs    # Errors  Last Runtime    Last Run
---------------------------------------  -----  ---------  --------  ----------  --------------  -------------------
/opt/airflow/dags/data_lake_pipeline.py                           0           1  0.14s           2025-01-13T13:42:18
================================================================================
[2025-01-13T13:43:16.872+0000] {manager.py:851} INFO - 
================================================================================
DAG File Processing Stats

File Path                                PID    Runtime      # DAGs    # Errors  Last Runtime    Last Run
---------------------------------------  -----  ---------  --------  ----------  --------------  -------------------
/opt/airflow/dags/data_lake_pipeline.py                           0           1  0.09s           2025-01-13T13:42:48
================================================================================
[2025-01-13T13:43:47.105+0000] {manager.py:851} INFO - 
================================================================================
DAG File Processing Stats

File Path                                PID    Runtime      # DAGs    # Errors  Last Runtime    Last Run
---------------------------------------  -----  ---------  --------  ----------  --------------  -------------------
/opt/airflow/dags/data_lake_pipeline.py                           0           1  0.13s           2025-01-13T13:43:19
================================================================================
[2025-01-13T13:44:17.324+0000] {manager.py:851} INFO - 
================================================================================
DAG File Processing Stats

File Path                                PID    Runtime      # DAGs    # Errors  Last Runtime    Last Run
---------------------------------------  -----  ---------  --------  ----------  --------------  -------------------
/opt/airflow/dags/data_lake_pipeline.py                           0           1  0.10s           2025-01-13T13:43:49
================================================================================
[2025-01-13T13:44:47.517+0000] {manager.py:851} INFO - 
================================================================================
DAG File Processing Stats

File Path                                PID    Runtime      # DAGs    # Errors  Last Runtime    Last Run
---------------------------------------  -----  ---------  --------  ----------  --------------  -------------------
/opt/airflow/dags/data_lake_pipeline.py                           0           1  0.14s           2025-01-13T13:44:19
================================================================================
[2025-01-13T13:45:17.753+0000] {manager.py:851} INFO - 
================================================================================
DAG File Processing Stats

File Path                                PID    Runtime      # DAGs    # Errors  Last Runtime    Last Run
---------------------------------------  -----  ---------  --------  ----------  --------------  -------------------
/opt/airflow/dags/data_lake_pipeline.py                           0           1  0.11s           2025-01-13T13:44:49
================================================================================
[2025-01-13T13:45:47.949+0000] {manager.py:851} INFO - 
================================================================================
DAG File Processing Stats

File Path                                PID    Runtime      # DAGs    # Errors  Last Runtime    Last Run
---------------------------------------  -----  ---------  --------  ----------  --------------  -------------------
/opt/airflow/dags/data_lake_pipeline.py                           0           1  0.10s           2025-01-13T13:45:19
================================================================================
[2025-01-13T13:46:18.173+0000] {manager.py:851} INFO - 
================================================================================
DAG File Processing Stats

File Path                                PID    Runtime      # DAGs    # Errors  Last Runtime    Last Run
---------------------------------------  -----  ---------  --------  ----------  --------------  -------------------
/opt/airflow/dags/data_lake_pipeline.py                           0           1  0.10s           2025-01-13T13:45:50
================================================================================
[2025-01-13T13:46:40.315+0000] {manager.py:726} INFO - Searching for files in /opt/airflow/dags
[2025-01-13T13:46:40.316+0000] {manager.py:729} INFO - There are 1 files in /opt/airflow/dags
[2025-01-13T13:46:48.368+0000] {manager.py:851} INFO - 
================================================================================
DAG File Processing Stats

File Path                                PID    Runtime      # DAGs    # Errors  Last Runtime    Last Run
---------------------------------------  -----  ---------  --------  ----------  --------------  -------------------
/opt/airflow/dags/data_lake_pipeline.py                           0           1  0.27s           2025-01-13T13:46:20
================================================================================
[2025-01-13T13:47:18.749+0000] {manager.py:851} INFO - 
================================================================================
DAG File Processing Stats

File Path                                PID    Runtime      # DAGs    # Errors  Last Runtime    Last Run
---------------------------------------  -----  ---------  --------  ----------  --------------  -------------------
/opt/airflow/dags/data_lake_pipeline.py                           0           1  0.14s           2025-01-13T13:46:50
================================================================================
[2025-01-13T13:47:48.917+0000] {manager.py:851} INFO - 
================================================================================
DAG File Processing Stats

File Path                                PID    Runtime      # DAGs    # Errors  Last Runtime    Last Run
---------------------------------------  -----  ---------  --------  ----------  --------------  -------------------
/opt/airflow/dags/data_lake_pipeline.py                           0           1  0.10s           2025-01-13T13:47:20
================================================================================
[2025-01-13T13:48:19.173+0000] {manager.py:851} INFO - 
================================================================================
DAG File Processing Stats

File Path                                PID    Runtime      # DAGs    # Errors  Last Runtime    Last Run
---------------------------------------  -----  ---------  --------  ----------  --------------  -------------------
/opt/airflow/dags/data_lake_pipeline.py                           0           1  0.12s           2025-01-13T13:47:51
================================================================================
[2025-01-13T13:48:49.331+0000] {manager.py:851} INFO - 
================================================================================
DAG File Processing Stats

File Path                                PID    Runtime      # DAGs    # Errors  Last Runtime    Last Run
---------------------------------------  -----  ---------  --------  ----------  --------------  -------------------
/opt/airflow/dags/data_lake_pipeline.py                           0           1  0.12s           2025-01-13T13:48:21
================================================================================
[2025-01-13T13:49:19.576+0000] {manager.py:851} INFO - 
================================================================================
DAG File Processing Stats

File Path                                PID    Runtime      # DAGs    # Errors  Last Runtime    Last Run
---------------------------------------  -----  ---------  --------  ----------  --------------  -------------------
/opt/airflow/dags/data_lake_pipeline.py                           0           1  0.11s           2025-01-13T13:48:51
================================================================================
[2025-01-13T13:49:49.780+0000] {manager.py:851} INFO - 
================================================================================
DAG File Processing Stats

File Path                                PID    Runtime      # DAGs    # Errors  Last Runtime    Last Run
---------------------------------------  -----  ---------  --------  ----------  --------------  -------------------
/opt/airflow/dags/data_lake_pipeline.py                           0           1  0.12s           2025-01-13T13:49:21
================================================================================
[2025-01-13T13:50:20.045+0000] {manager.py:851} INFO - 
================================================================================
DAG File Processing Stats

File Path                                PID    Runtime      # DAGs    # Errors  Last Runtime    Last Run
---------------------------------------  -----  ---------  --------  ----------  --------------  -------------------
/opt/airflow/dags/data_lake_pipeline.py                           0           1  0.14s           2025-01-13T13:49:51
================================================================================
[2025-01-13T13:50:50.257+0000] {manager.py:851} INFO - 
================================================================================
DAG File Processing Stats

File Path                                PID    Runtime      # DAGs    # Errors  Last Runtime    Last Run
---------------------------------------  -----  ---------  --------  ----------  --------------  -------------------
/opt/airflow/dags/data_lake_pipeline.py                           0           1  0.13s           2025-01-13T13:50:22
================================================================================
[2025-01-13T13:51:20.452+0000] {manager.py:851} INFO - 
================================================================================
DAG File Processing Stats

File Path                                PID    Runtime      # DAGs    # Errors  Last Runtime    Last Run
---------------------------------------  -----  ---------  --------  ----------  --------------  -------------------
/opt/airflow/dags/data_lake_pipeline.py                           0           1  0.11s           2025-01-13T13:50:52
================================================================================
[2025-01-13T13:51:40.622+0000] {manager.py:726} INFO - Searching for files in /opt/airflow/dags
[2025-01-13T13:51:40.623+0000] {manager.py:729} INFO - There are 1 files in /opt/airflow/dags
[2025-01-13T13:51:50.682+0000] {manager.py:851} INFO - 
================================================================================
DAG File Processing Stats

File Path                                PID    Runtime      # DAGs    # Errors  Last Runtime    Last Run
---------------------------------------  -----  ---------  --------  ----------  --------------  -------------------
/opt/airflow/dags/data_lake_pipeline.py                           0           1  0.17s           2025-01-13T13:51:22
================================================================================
[2025-01-13T13:52:20.909+0000] {manager.py:851} INFO - 
================================================================================
DAG File Processing Stats

File Path                                PID    Runtime      # DAGs    # Errors  Last Runtime    Last Run
---------------------------------------  -----  ---------  --------  ----------  --------------  -------------------
/opt/airflow/dags/data_lake_pipeline.py                           0           1  0.10s           2025-01-13T13:51:52
================================================================================
[2025-01-13T13:52:51.078+0000] {manager.py:851} INFO - 
================================================================================
DAG File Processing Stats

File Path                                PID    Runtime      # DAGs    # Errors  Last Runtime    Last Run
---------------------------------------  -----  ---------  --------  ----------  --------------  -------------------
/opt/airflow/dags/data_lake_pipeline.py                           0           1  0.11s           2025-01-13T13:52:23
================================================================================
[2025-01-13T13:53:21.300+0000] {manager.py:851} INFO - 
================================================================================
DAG File Processing Stats

File Path                                PID    Runtime      # DAGs    # Errors  Last Runtime    Last Run
---------------------------------------  -----  ---------  --------  ----------  --------------  -------------------
/opt/airflow/dags/data_lake_pipeline.py                           0           1  0.09s           2025-01-13T13:52:53
================================================================================
[2025-01-13T13:53:51.470+0000] {manager.py:851} INFO - 
================================================================================
DAG File Processing Stats

File Path                                PID    Runtime      # DAGs    # Errors  Last Runtime    Last Run
---------------------------------------  -----  ---------  --------  ----------  --------------  -------------------
/opt/airflow/dags/data_lake_pipeline.py                           0           1  0.09s           2025-01-13T13:53:23
================================================================================
[2025-01-13T13:54:21.720+0000] {manager.py:851} INFO - 
================================================================================
DAG File Processing Stats

File Path                                PID    Runtime      # DAGs    # Errors  Last Runtime    Last Run
---------------------------------------  -----  ---------  --------  ----------  --------------  -------------------
/opt/airflow/dags/data_lake_pipeline.py                           0           1  0.10s           2025-01-13T13:53:53
================================================================================
[2025-01-13T13:54:51.910+0000] {manager.py:851} INFO - 
================================================================================
DAG File Processing Stats

File Path                                PID    Runtime      # DAGs    # Errors  Last Runtime    Last Run
---------------------------------------  -----  ---------  --------  ----------  --------------  -------------------
/opt/airflow/dags/data_lake_pipeline.py                           0           1  0.10s           2025-01-13T13:54:23
================================================================================
[2025-01-13T13:55:22.106+0000] {manager.py:851} INFO - 
================================================================================
DAG File Processing Stats

File Path                                PID    Runtime      # DAGs    # Errors  Last Runtime    Last Run
---------------------------------------  -----  ---------  --------  ----------  --------------  -------------------
/opt/airflow/dags/data_lake_pipeline.py                           0           1  0.10s           2025-01-13T13:54:54
================================================================================
[2025-01-13T13:55:52.341+0000] {manager.py:851} INFO - 
================================================================================
DAG File Processing Stats

File Path                                PID    Runtime      # DAGs    # Errors  Last Runtime    Last Run
---------------------------------------  -----  ---------  --------  ----------  --------------  -------------------
/opt/airflow/dags/data_lake_pipeline.py                           0           1  0.30s           2025-01-13T13:55:24
================================================================================
[2025-01-13T13:56:22.980+0000] {manager.py:851} INFO - 
================================================================================
DAG File Processing Stats

File Path                                PID    Runtime      # DAGs    # Errors  Last Runtime    Last Run
---------------------------------------  -----  ---------  --------  ----------  --------------  -------------------
/opt/airflow/dags/data_lake_pipeline.py                           0           1  0.11s           2025-01-13T13:55:54
================================================================================
[2025-01-13T13:56:41.096+0000] {manager.py:726} INFO - Searching for files in /opt/airflow/dags
[2025-01-13T13:56:41.097+0000] {manager.py:729} INFO - There are 1 files in /opt/airflow/dags
[2025-01-13T13:56:53.178+0000] {manager.py:851} INFO - 
================================================================================
DAG File Processing Stats

File Path                                PID    Runtime      # DAGs    # Errors  Last Runtime    Last Run
---------------------------------------  -----  ---------  --------  ----------  --------------  -------------------
/opt/airflow/dags/data_lake_pipeline.py                           0           1  0.17s           2025-01-13T13:56:25
================================================================================
[2025-01-13T13:57:23.350+0000] {manager.py:851} INFO - 
================================================================================
DAG File Processing Stats

File Path                                PID    Runtime      # DAGs    # Errors  Last Runtime    Last Run
---------------------------------------  -----  ---------  --------  ----------  --------------  -------------------
/opt/airflow/dags/data_lake_pipeline.py                           0           1  0.10s           2025-01-13T13:56:55
================================================================================
[2025-01-13T13:57:53.574+0000] {manager.py:851} INFO - 
================================================================================
DAG File Processing Stats

File Path                                PID    Runtime      # DAGs    # Errors  Last Runtime    Last Run
---------------------------------------  -----  ---------  --------  ----------  --------------  -------------------
/opt/airflow/dags/data_lake_pipeline.py                           0           1  0.15s           2025-01-13T13:57:25
================================================================================
[2025-01-13T13:58:23.813+0000] {manager.py:851} INFO - 
================================================================================
DAG File Processing Stats

File Path                                PID    Runtime      # DAGs    # Errors  Last Runtime    Last Run
---------------------------------------  -----  ---------  --------  ----------  --------------  -------------------
/opt/airflow/dags/data_lake_pipeline.py                           0           1  0.10s           2025-01-13T13:57:55
================================================================================
[2025-01-13T13:58:54.043+0000] {manager.py:851} INFO - 
================================================================================
DAG File Processing Stats

File Path                                PID    Runtime      # DAGs    # Errors  Last Runtime    Last Run
---------------------------------------  -----  ---------  --------  ----------  --------------  -------------------
/opt/airflow/dags/data_lake_pipeline.py                           0           1  0.09s           2025-01-13T13:58:25
================================================================================
[2025-01-13T13:59:24.293+0000] {manager.py:851} INFO - 
================================================================================
DAG File Processing Stats

File Path                                PID    Runtime      # DAGs    # Errors  Last Runtime    Last Run
---------------------------------------  -----  ---------  --------  ----------  --------------  -------------------
/opt/airflow/dags/data_lake_pipeline.py                           0           1  0.24s           2025-01-13T13:58:56
================================================================================
[2025-01-13T13:59:54.448+0000] {manager.py:851} INFO - 
================================================================================
DAG File Processing Stats

File Path                                PID    Runtime      # DAGs    # Errors  Last Runtime    Last Run
---------------------------------------  -----  ---------  --------  ----------  --------------  -------------------
/opt/airflow/dags/data_lake_pipeline.py                           0           1  0.11s           2025-01-13T13:59:26
================================================================================
[2025-01-13T14:00:24.678+0000] {manager.py:851} INFO - 
================================================================================
DAG File Processing Stats

File Path                                PID    Runtime      # DAGs    # Errors  Last Runtime    Last Run
---------------------------------------  -----  ---------  --------  ----------  --------------  -------------------
/opt/airflow/dags/data_lake_pipeline.py                           0           1  0.19s           2025-01-13T13:59:56
================================================================================
[2025-01-13T14:00:54.920+0000] {manager.py:851} INFO - 
================================================================================
DAG File Processing Stats

File Path                                PID    Runtime      # DAGs    # Errors  Last Runtime    Last Run
---------------------------------------  -----  ---------  --------  ----------  --------------  -------------------
/opt/airflow/dags/data_lake_pipeline.py                           0           1  0.17s           2025-01-13T14:00:26
================================================================================
[2025-01-13T14:01:25.169+0000] {manager.py:851} INFO - 
================================================================================
DAG File Processing Stats

File Path                                PID    Runtime      # DAGs    # Errors  Last Runtime    Last Run
---------------------------------------  -----  ---------  --------  ----------  --------------  -------------------
/opt/airflow/dags/data_lake_pipeline.py                           0           1  0.18s           2025-01-13T14:00:57
================================================================================
[2025-01-13T14:01:41.376+0000] {manager.py:726} INFO - Searching for files in /opt/airflow/dags
[2025-01-13T14:01:41.379+0000] {manager.py:729} INFO - There are 1 files in /opt/airflow/dags
[2025-01-13T14:01:55.480+0000] {manager.py:851} INFO - 
================================================================================
DAG File Processing Stats

File Path                                PID    Runtime      # DAGs    # Errors  Last Runtime    Last Run
---------------------------------------  -----  ---------  --------  ----------  --------------  -------------------
/opt/airflow/dags/data_lake_pipeline.py                           0           1  0.17s           2025-01-13T14:01:27
================================================================================
[2025-01-13T14:02:25.685+0000] {manager.py:851} INFO - 
================================================================================
DAG File Processing Stats

File Path                                PID    Runtime      # DAGs    # Errors  Last Runtime    Last Run
---------------------------------------  -----  ---------  --------  ----------  --------------  -------------------
/opt/airflow/dags/data_lake_pipeline.py                           0           1  0.33s           2025-01-13T14:01:57
================================================================================
[2025-01-13T14:02:56.165+0000] {manager.py:851} INFO - 
================================================================================
DAG File Processing Stats

File Path                                PID    Runtime      # DAGs    # Errors  Last Runtime    Last Run
---------------------------------------  -----  ---------  --------  ----------  --------------  -------------------
/opt/airflow/dags/data_lake_pipeline.py                           0           1  0.24s           2025-01-13T14:02:28
================================================================================
[2025-01-13T14:03:26.596+0000] {manager.py:851} INFO - 
================================================================================
DAG File Processing Stats

File Path                                PID    Runtime      # DAGs    # Errors  Last Runtime    Last Run
---------------------------------------  -----  ---------  --------  ----------  --------------  -------------------
/opt/airflow/dags/data_lake_pipeline.py                           0           1  0.09s           2025-01-13T14:02:58
================================================================================
[2025-01-13T14:03:56.822+0000] {manager.py:851} INFO - 
================================================================================
DAG File Processing Stats

File Path                                PID    Runtime      # DAGs    # Errors  Last Runtime    Last Run
---------------------------------------  -----  ---------  --------  ----------  --------------  -------------------
/opt/airflow/dags/data_lake_pipeline.py                           0           1  0.21s           2025-01-13T14:03:28
================================================================================
[2025-01-13T14:04:27.005+0000] {manager.py:851} INFO - 
================================================================================
DAG File Processing Stats

File Path                                PID    Runtime      # DAGs    # Errors  Last Runtime    Last Run
---------------------------------------  -----  ---------  --------  ----------  --------------  -------------------
/opt/airflow/dags/data_lake_pipeline.py                           0           1  0.09s           2025-01-13T14:03:58
================================================================================
[2025-01-13T14:04:57.215+0000] {manager.py:851} INFO - 
================================================================================
DAG File Processing Stats

File Path                                PID    Runtime      # DAGs    # Errors  Last Runtime    Last Run
---------------------------------------  -----  ---------  --------  ----------  --------------  -------------------
/opt/airflow/dags/data_lake_pipeline.py                           0           1  0.08s           2025-01-13T14:04:29
================================================================================
[2025-01-13T14:05:27.383+0000] {manager.py:851} INFO - 
================================================================================
DAG File Processing Stats

File Path                                PID    Runtime      # DAGs    # Errors  Last Runtime    Last Run
---------------------------------------  -----  ---------  --------  ----------  --------------  -------------------
/opt/airflow/dags/data_lake_pipeline.py                           0           1  0.13s           2025-01-13T14:04:59
================================================================================
[2025-01-13T14:05:57.670+0000] {manager.py:851} INFO - 
================================================================================
DAG File Processing Stats

File Path                                PID    Runtime      # DAGs    # Errors  Last Runtime    Last Run
---------------------------------------  -----  ---------  --------  ----------  --------------  -------------------
/opt/airflow/dags/data_lake_pipeline.py                           0           1  0.11s           2025-01-13T14:05:29
================================================================================
[2025-01-13T14:06:27.859+0000] {manager.py:851} INFO - 
================================================================================
DAG File Processing Stats

File Path                                PID    Runtime      # DAGs    # Errors  Last Runtime    Last Run
---------------------------------------  -----  ---------  --------  ----------  --------------  -------------------
/opt/airflow/dags/data_lake_pipeline.py                           0           1  0.10s           2025-01-13T14:05:59
================================================================================
[2025-01-13T14:06:42.002+0000] {manager.py:726} INFO - Searching for files in /opt/airflow/dags
[2025-01-13T14:06:42.004+0000] {manager.py:729} INFO - There are 1 files in /opt/airflow/dags
[2025-01-13T14:06:58.110+0000] {manager.py:851} INFO - 
================================================================================
DAG File Processing Stats

File Path                                PID    Runtime      # DAGs    # Errors  Last Runtime    Last Run
---------------------------------------  -----  ---------  --------  ----------  --------------  -------------------
/opt/airflow/dags/data_lake_pipeline.py                           0           1  0.11s           2025-01-13T14:06:29
================================================================================
[2025-01-13T14:07:28.304+0000] {manager.py:851} INFO - 
================================================================================
DAG File Processing Stats

File Path                                PID    Runtime      # DAGs    # Errors  Last Runtime    Last Run
---------------------------------------  -----  ---------  --------  ----------  --------------  -------------------
/opt/airflow/dags/data_lake_pipeline.py                           0           1  0.11s           2025-01-13T14:07:00
================================================================================
[2025-01-13T14:07:58.516+0000] {manager.py:851} INFO - 
================================================================================
DAG File Processing Stats

File Path                                PID    Runtime      # DAGs    # Errors  Last Runtime    Last Run
---------------------------------------  -----  ---------  --------  ----------  --------------  -------------------
/opt/airflow/dags/data_lake_pipeline.py                           0           1  0.09s           2025-01-13T14:07:30
================================================================================
[2025-01-13T14:08:28.683+0000] {manager.py:851} INFO - 
================================================================================
DAG File Processing Stats

File Path                                PID    Runtime      # DAGs    # Errors  Last Runtime    Last Run
---------------------------------------  -----  ---------  --------  ----------  --------------  -------------------
/opt/airflow/dags/data_lake_pipeline.py                           0           1  0.12s           2025-01-13T14:08:00
================================================================================
[2025-01-13T14:08:58.978+0000] {manager.py:851} INFO - 
================================================================================
DAG File Processing Stats

File Path                                PID    Runtime      # DAGs    # Errors  Last Runtime    Last Run
---------------------------------------  -----  ---------  --------  ----------  --------------  -------------------
/opt/airflow/dags/data_lake_pipeline.py                           0           1  0.12s           2025-01-13T14:08:30
================================================================================
[2025-01-13T14:09:29.175+0000] {manager.py:851} INFO - 
================================================================================
DAG File Processing Stats

File Path                                PID    Runtime      # DAGs    # Errors  Last Runtime    Last Run
---------------------------------------  -----  ---------  --------  ----------  --------------  -------------------
/opt/airflow/dags/data_lake_pipeline.py                           0           1  0.13s           2025-01-13T14:09:01
================================================================================
[2025-01-13T14:09:59.423+0000] {manager.py:851} INFO - 
================================================================================
DAG File Processing Stats

File Path                                PID    Runtime      # DAGs    # Errors  Last Runtime    Last Run
---------------------------------------  -----  ---------  --------  ----------  --------------  -------------------
/opt/airflow/dags/data_lake_pipeline.py                           0           1  0.17s           2025-01-13T14:09:31
================================================================================
[2025-01-13T14:10:29.676+0000] {manager.py:851} INFO - 
================================================================================
DAG File Processing Stats

File Path                                PID    Runtime      # DAGs    # Errors  Last Runtime    Last Run
---------------------------------------  -----  ---------  --------  ----------  --------------  -------------------
/opt/airflow/dags/data_lake_pipeline.py                           0           1  0.14s           2025-01-13T14:10:01
================================================================================
[2025-01-13T14:10:59.898+0000] {manager.py:851} INFO - 
================================================================================
DAG File Processing Stats

File Path                                PID    Runtime      # DAGs    # Errors  Last Runtime    Last Run
---------------------------------------  -----  ---------  --------  ----------  --------------  -------------------
/opt/airflow/dags/data_lake_pipeline.py                           0           1  0.12s           2025-01-13T14:10:31
================================================================================
[2025-01-13T14:11:30.102+0000] {manager.py:851} INFO - 
================================================================================
DAG File Processing Stats

File Path                                PID    Runtime      # DAGs    # Errors  Last Runtime    Last Run
---------------------------------------  -----  ---------  --------  ----------  --------------  -------------------
/opt/airflow/dags/data_lake_pipeline.py                           0           1  0.18s           2025-01-13T14:11:02
================================================================================
[2025-01-13T14:11:42.286+0000] {manager.py:726} INFO - Searching for files in /opt/airflow/dags
[2025-01-13T14:11:42.286+0000] {manager.py:729} INFO - There are 1 files in /opt/airflow/dags
[2025-01-13T14:12:00.375+0000] {manager.py:851} INFO - 
================================================================================
DAG File Processing Stats

File Path                                PID    Runtime      # DAGs    # Errors  Last Runtime    Last Run
---------------------------------------  -----  ---------  --------  ----------  --------------  -------------------
/opt/airflow/dags/data_lake_pipeline.py                           0           1  0.13s           2025-01-13T14:11:32
================================================================================
[2025-01-13T14:12:30.533+0000] {manager.py:851} INFO - 
================================================================================
DAG File Processing Stats

File Path                                PID    Runtime      # DAGs    # Errors  Last Runtime    Last Run
---------------------------------------  -----  ---------  --------  ----------  --------------  -------------------
/opt/airflow/dags/data_lake_pipeline.py                           0           1  0.12s           2025-01-13T14:12:02
================================================================================
[2025-01-13T14:13:00.783+0000] {manager.py:851} INFO - 
================================================================================
DAG File Processing Stats

File Path                                PID    Runtime      # DAGs    # Errors  Last Runtime    Last Run
---------------------------------------  -----  ---------  --------  ----------  --------------  -------------------
/opt/airflow/dags/data_lake_pipeline.py                           0           1  0.13s           2025-01-13T14:12:32
================================================================================
[2025-01-13T14:13:30.955+0000] {manager.py:851} INFO - 
================================================================================
DAG File Processing Stats

File Path                                PID    Runtime      # DAGs    # Errors  Last Runtime    Last Run
---------------------------------------  -----  ---------  --------  ----------  --------------  -------------------
/opt/airflow/dags/data_lake_pipeline.py                           0           1  0.13s           2025-01-13T14:13:02
================================================================================
[2025-01-13T14:14:01.226+0000] {manager.py:851} INFO - 
================================================================================
DAG File Processing Stats

File Path                                PID    Runtime      # DAGs    # Errors  Last Runtime    Last Run
---------------------------------------  -----  ---------  --------  ----------  --------------  -------------------
/opt/airflow/dags/data_lake_pipeline.py                           0           1  0.18s           2025-01-13T14:13:33
================================================================================
[2025-01-13T14:14:31.428+0000] {manager.py:851} INFO - 
================================================================================
DAG File Processing Stats

File Path                                PID    Runtime      # DAGs    # Errors  Last Runtime    Last Run
---------------------------------------  -----  ---------  --------  ----------  --------------  -------------------
/opt/airflow/dags/data_lake_pipeline.py                           0           1  0.13s           2025-01-13T14:14:03
================================================================================
[2025-01-13T14:15:01.699+0000] {manager.py:851} INFO - 
================================================================================
DAG File Processing Stats

File Path                                PID    Runtime      # DAGs    # Errors  Last Runtime    Last Run
---------------------------------------  -----  ---------  --------  ----------  --------------  -------------------
/opt/airflow/dags/data_lake_pipeline.py                           0           1  0.13s           2025-01-13T14:14:33
================================================================================
[2025-01-13T14:15:31.879+0000] {manager.py:851} INFO - 
================================================================================
DAG File Processing Stats

File Path                                PID    Runtime      # DAGs    # Errors  Last Runtime    Last Run
---------------------------------------  -----  ---------  --------  ----------  --------------  -------------------
/opt/airflow/dags/data_lake_pipeline.py                           0           1  0.10s           2025-01-13T14:15:03
================================================================================
[2025-01-13T14:16:02.139+0000] {manager.py:851} INFO - 
================================================================================
DAG File Processing Stats

File Path                                PID    Runtime      # DAGs    # Errors  Last Runtime    Last Run
---------------------------------------  -----  ---------  --------  ----------  --------------  -------------------
/opt/airflow/dags/data_lake_pipeline.py                           0           1  0.11s           2025-01-13T14:15:34
================================================================================
[2025-01-13T14:16:32.335+0000] {manager.py:851} INFO - 
================================================================================
DAG File Processing Stats

File Path                                PID    Runtime      # DAGs    # Errors  Last Runtime    Last Run
---------------------------------------  -----  ---------  --------  ----------  --------------  -------------------
/opt/airflow/dags/data_lake_pipeline.py                           0           1  0.10s           2025-01-13T14:16:04
================================================================================
[2025-01-13T14:16:42.425+0000] {manager.py:726} INFO - Searching for files in /opt/airflow/dags
[2025-01-13T14:16:42.426+0000] {manager.py:729} INFO - There are 1 files in /opt/airflow/dags
[2025-01-13T14:17:02.551+0000] {manager.py:851} INFO - 
================================================================================
DAG File Processing Stats

File Path                                PID    Runtime      # DAGs    # Errors  Last Runtime    Last Run
---------------------------------------  -----  ---------  --------  ----------  --------------  -------------------
/opt/airflow/dags/data_lake_pipeline.py                           0           1  0.10s           2025-01-13T14:16:34
================================================================================
[2025-01-13T14:17:32.765+0000] {manager.py:851} INFO - 
================================================================================
DAG File Processing Stats

File Path                                PID    Runtime      # DAGs    # Errors  Last Runtime    Last Run
---------------------------------------  -----  ---------  --------  ----------  --------------  -------------------
/opt/airflow/dags/data_lake_pipeline.py                           0           1  0.12s           2025-01-13T14:17:04
================================================================================
[2025-01-13T14:18:03.030+0000] {manager.py:851} INFO - 
================================================================================
DAG File Processing Stats

File Path                                PID    Runtime      # DAGs    # Errors  Last Runtime    Last Run
---------------------------------------  -----  ---------  --------  ----------  --------------  -------------------
/opt/airflow/dags/data_lake_pipeline.py                           0           1  0.37s           2025-01-13T14:17:35
================================================================================
[2025-01-13T14:18:33.567+0000] {manager.py:851} INFO - 
================================================================================
DAG File Processing Stats

File Path                                PID    Runtime      # DAGs    # Errors  Last Runtime    Last Run
---------------------------------------  -----  ---------  --------  ----------  --------------  -------------------
/opt/airflow/dags/data_lake_pipeline.py                           0           1  0.15s           2025-01-13T14:18:05
================================================================================
[2025-01-13T14:19:03.756+0000] {manager.py:851} INFO - 
================================================================================
DAG File Processing Stats

File Path                                PID    Runtime      # DAGs    # Errors  Last Runtime    Last Run
---------------------------------------  -----  ---------  --------  ----------  --------------  -------------------
/opt/airflow/dags/data_lake_pipeline.py                           0           1  0.11s           2025-01-13T14:18:35
================================================================================
[2025-01-13T14:19:34.014+0000] {manager.py:851} INFO - 
================================================================================
DAG File Processing Stats

File Path                                PID    Runtime      # DAGs    # Errors  Last Runtime    Last Run
---------------------------------------  -----  ---------  --------  ----------  --------------  -------------------
/opt/airflow/dags/data_lake_pipeline.py                           0           1  0.10s           2025-01-13T14:19:05
================================================================================
[2025-01-13T14:20:04.202+0000] {manager.py:851} INFO - 
================================================================================
DAG File Processing Stats

File Path                                PID    Runtime      # DAGs    # Errors  Last Runtime    Last Run
---------------------------------------  -----  ---------  --------  ----------  --------------  -------------------
/opt/airflow/dags/data_lake_pipeline.py                           0           1  0.16s           2025-01-13T14:19:36
================================================================================
[2025-01-13T14:20:34.368+0000] {manager.py:851} INFO - 
================================================================================
DAG File Processing Stats

File Path                                PID    Runtime      # DAGs    # Errors  Last Runtime    Last Run
---------------------------------------  -----  ---------  --------  ----------  --------------  -------------------
/opt/airflow/dags/data_lake_pipeline.py                           0           1  0.11s           2025-01-13T14:20:06
================================================================================
[2025-01-13T14:21:04.611+0000] {manager.py:851} INFO - 
================================================================================
DAG File Processing Stats

File Path                                PID    Runtime      # DAGs    # Errors  Last Runtime    Last Run
---------------------------------------  -----  ---------  --------  ----------  --------------  -------------------
/opt/airflow/dags/data_lake_pipeline.py                           0           1  0.11s           2025-01-13T14:20:36
================================================================================
[2025-01-13T14:22:02.104+0000] {manager.py:726} INFO - Searching for files in /opt/airflow/dags
[2025-01-13T14:22:02.105+0000] {manager.py:729} INFO - There are 1 files in /opt/airflow/dags
[2025-01-13T14:38:48.120+0000] {manager.py:726} INFO - Searching for files in /opt/airflow/dags
[2025-01-13T14:38:48.121+0000] {manager.py:729} INFO - There are 1 files in /opt/airflow/dags
[2025-01-13T14:38:52.118+0000] {manager.py:851} INFO - 
================================================================================
DAG File Processing Stats

File Path                                PID    Runtime      # DAGs    # Errors  Last Runtime    Last Run
---------------------------------------  -----  ---------  --------  ----------  --------------  -------------------
/opt/airflow/dags/data_lake_pipeline.py                           0           1  0.96s           2025-01-13T14:38:49
================================================================================
[2025-01-13T14:39:04.141+0000] {manager.py:465} INFO - Exiting gracefully upon receiving signal 15
[2025-01-14T17:16:09.906+0000] {manager.py:487} INFO - Processing files using up to 2 processes at a time 
[2025-01-14T17:16:09.916+0000] {manager.py:488} INFO - Process each file at most once every 30 seconds
[2025-01-14T17:16:09.917+0000] {manager.py:489} INFO - Checking for new files in /opt/airflow/dags every 300 seconds
[2025-01-14T17:16:09.920+0000] {manager.py:759} INFO - Searching for files in /opt/airflow/dags
[2025-01-14T17:16:09.944+0000] {manager.py:762} INFO - There are 1 files in /opt/airflow/dags
[2025-01-14T17:16:13.107+0000] {manager.py:893} INFO - 
================================================================================
DAG File Processing Stats

File Path                                  PID  Runtime      # DAGs    # Errors  Last Runtime    Last Run
---------------------------------------  -----  ---------  --------  ----------  --------------  ----------
/opt/airflow/dags/data_lake_pipeline.py    175  0.69s             0           0
================================================================================
[2025-01-14T17:16:43.362+0000] {manager.py:893} INFO - 
================================================================================
DAG File Processing Stats

File Path                                PID    Runtime      # DAGs    # Errors  Last Runtime    Last Run
---------------------------------------  -----  ---------  --------  ----------  --------------  -------------------
/opt/airflow/dags/data_lake_pipeline.py                           1           0  8.14s           2025-01-14T17:16:20
================================================================================
[2025-01-14T17:17:13.739+0000] {manager.py:893} INFO - 
================================================================================
DAG File Processing Stats

File Path                                PID    Runtime      # DAGs    # Errors  Last Runtime    Last Run
---------------------------------------  -----  ---------  --------  ----------  --------------  -------------------
/opt/airflow/dags/data_lake_pipeline.py                           1           0  1.37s           2025-01-14T17:16:51
================================================================================
[2025-01-14T17:17:44.266+0000] {manager.py:893} INFO - 
================================================================================
DAG File Processing Stats

File Path                                PID    Runtime      # DAGs    # Errors  Last Runtime    Last Run
---------------------------------------  -----  ---------  --------  ----------  --------------  -------------------
/opt/airflow/dags/data_lake_pipeline.py                           1           0  1.15s           2025-01-14T17:17:23
================================================================================
[2025-01-14T17:18:14.555+0000] {manager.py:893} INFO - 
================================================================================
DAG File Processing Stats

File Path                                PID    Runtime      # DAGs    # Errors  Last Runtime    Last Run
---------------------------------------  -----  ---------  --------  ----------  --------------  -------------------
/opt/airflow/dags/data_lake_pipeline.py                           1           0  1.64s           2025-01-14T17:17:54
================================================================================
[2025-01-14T17:18:45.251+0000] {manager.py:893} INFO - 
================================================================================
DAG File Processing Stats

File Path                                PID    Runtime      # DAGs    # Errors  Last Runtime    Last Run
---------------------------------------  -----  ---------  --------  ----------  --------------  -------------------
/opt/airflow/dags/data_lake_pipeline.py                           1           0  1.25s           2025-01-14T17:18:26
================================================================================
[2025-01-14T17:19:15.316+0000] {manager.py:893} INFO - 
================================================================================
DAG File Processing Stats

File Path                                PID    Runtime      # DAGs    # Errors  Last Runtime    Last Run
---------------------------------------  -----  ---------  --------  ----------  --------------  -------------------
/opt/airflow/dags/data_lake_pipeline.py                           1           0  2.69s           2025-01-14T17:18:59
================================================================================
[2025-01-14T17:19:46.033+0000] {manager.py:893} INFO - 
================================================================================
DAG File Processing Stats

File Path                                PID    Runtime      # DAGs    # Errors  Last Runtime    Last Run
---------------------------------------  -----  ---------  --------  ----------  --------------  -------------------
/opt/airflow/dags/data_lake_pipeline.py                           1           0  2.57s           2025-01-14T17:19:32
================================================================================
[2025-01-14T17:20:16.224+0000] {manager.py:893} INFO - 
================================================================================
DAG File Processing Stats

File Path                                PID    Runtime      # DAGs    # Errors  Last Runtime    Last Run
---------------------------------------  -----  ---------  --------  ----------  --------------  -------------------
/opt/airflow/dags/data_lake_pipeline.py                           1           0  1.98s           2025-01-14T17:20:04
================================================================================
[2025-01-14T17:20:46.520+0000] {manager.py:893} INFO - 
================================================================================
DAG File Processing Stats

File Path                                PID    Runtime      # DAGs    # Errors  Last Runtime    Last Run
---------------------------------------  -----  ---------  --------  ----------  --------------  -------------------
/opt/airflow/dags/data_lake_pipeline.py                           1           0  3.32s           2025-01-14T17:20:37
================================================================================
[2025-01-14T17:21:10.070+0000] {manager.py:759} INFO - Searching for files in /opt/airflow/dags
[2025-01-14T17:21:10.086+0000] {manager.py:762} INFO - There are 1 files in /opt/airflow/dags
[2025-01-14T17:21:16.578+0000] {manager.py:893} INFO - 
================================================================================
DAG File Processing Stats

File Path                                PID    Runtime      # DAGs    # Errors  Last Runtime    Last Run
---------------------------------------  -----  ---------  --------  ----------  --------------  -------------------
/opt/airflow/dags/data_lake_pipeline.py                           1           0  5.75s           2025-01-14T17:21:13
================================================================================
[2025-01-14T17:21:27.511+0000] {manager.py:469} INFO - Exiting gracefully upon receiving signal 15
[2025-01-14T17:24:02.452+0000] {manager.py:487} INFO - Processing files using up to 2 processes at a time 
[2025-01-14T17:24:02.483+0000] {manager.py:488} INFO - Process each file at most once every 30 seconds
[2025-01-14T17:24:02.484+0000] {manager.py:489} INFO - Checking for new files in /opt/airflow/dags every 300 seconds
[2025-01-14T17:24:02.497+0000] {manager.py:759} INFO - Searching for files in /opt/airflow/dags
[2025-01-14T17:24:02.514+0000] {manager.py:762} INFO - There are 1 files in /opt/airflow/dags
[2025-01-14T17:24:03.596+0000] {manager.py:893} INFO - 
================================================================================
DAG File Processing Stats

File Path                                  PID  Runtime      # DAGs    # Errors  Last Runtime    Last Run
---------------------------------------  -----  ---------  --------  ----------  --------------  ----------
/opt/airflow/dags/data_lake_pipeline.py    175  0.42s             0           0
================================================================================
[2025-01-14T17:24:33.887+0000] {manager.py:893} INFO - 
================================================================================
DAG File Processing Stats

File Path                                PID    Runtime      # DAGs    # Errors  Last Runtime    Last Run
---------------------------------------  -----  ---------  --------  ----------  --------------  -------------------
/opt/airflow/dags/data_lake_pipeline.py                           1           0  6.01s           2025-01-14T17:24:09
================================================================================
[2025-01-14T17:25:04.610+0000] {manager.py:893} INFO - 
================================================================================
DAG File Processing Stats

File Path                                PID    Runtime      # DAGs    # Errors  Last Runtime    Last Run
---------------------------------------  -----  ---------  --------  ----------  --------------  -------------------
/opt/airflow/dags/data_lake_pipeline.py                           1           0  4.15s           2025-01-14T17:24:43
================================================================================
[2025-01-14T17:25:34.933+0000] {manager.py:893} INFO - 
================================================================================
DAG File Processing Stats

File Path                                PID    Runtime      # DAGs    # Errors  Last Runtime    Last Run
---------------------------------------  -----  ---------  --------  ----------  --------------  -------------------
/opt/airflow/dags/data_lake_pipeline.py                           1           0  5.35s           2025-01-14T17:25:19
================================================================================
[2025-01-14T17:26:04.980+0000] {manager.py:893} INFO - 
================================================================================
DAG File Processing Stats

File Path                                PID    Runtime      # DAGs    # Errors  Last Runtime    Last Run
---------------------------------------  -----  ---------  --------  ----------  --------------  -------------------
/opt/airflow/dags/data_lake_pipeline.py                           1           0  6.83s           2025-01-14T17:25:55
================================================================================
[2025-01-14T17:26:35.128+0000] {manager.py:893} INFO - 
================================================================================
DAG File Processing Stats

File Path                                PID    Runtime      # DAGs    # Errors  Last Runtime    Last Run
---------------------------------------  -----  ---------  --------  ----------  --------------  -------------------
/opt/airflow/dags/data_lake_pipeline.py                           1           0  2.14s           2025-01-14T17:26:28
================================================================================
[2025-01-14T17:27:05.542+0000] {manager.py:893} INFO - 
================================================================================
DAG File Processing Stats

File Path                                PID    Runtime      # DAGs    # Errors  Last Runtime    Last Run
---------------------------------------  -----  ---------  --------  ----------  --------------  -------------------
/opt/airflow/dags/data_lake_pipeline.py                           1           0  1.55s           2025-01-14T17:26:59
================================================================================
[2025-01-14T17:27:35.567+0000] {manager.py:893} INFO - 
================================================================================
DAG File Processing Stats

File Path                                PID    Runtime      # DAGs    # Errors  Last Runtime    Last Run
---------------------------------------  -----  ---------  --------  ----------  --------------  -------------------
/opt/airflow/dags/data_lake_pipeline.py                           1           0  2.89s           2025-01-14T17:27:33
================================================================================
[2025-01-14T17:28:05.900+0000] {manager.py:893} INFO - 
================================================================================
DAG File Processing Stats

File Path                                PID    Runtime      # DAGs    # Errors  Last Runtime    Last Run
---------------------------------------  -----  ---------  --------  ----------  --------------  -------------------
/opt/airflow/dags/data_lake_pipeline.py                           1           0  1.35s           2025-01-14T17:28:04
================================================================================
[2025-01-14T17:28:36.122+0000] {manager.py:893} INFO - 
================================================================================
DAG File Processing Stats

File Path                                  PID  Runtime      # DAGs    # Errors  Last Runtime    Last Run
---------------------------------------  -----  ---------  --------  ----------  --------------  -------------------
/opt/airflow/dags/data_lake_pipeline.py    239  1.01s             1           0  1.35s           2025-01-14T17:28:04
================================================================================
[2025-01-14T17:29:02.580+0000] {manager.py:759} INFO - Searching for files in /opt/airflow/dags
[2025-01-14T17:29:02.582+0000] {manager.py:762} INFO - There are 1 files in /opt/airflow/dags
[2025-01-14T17:29:06.278+0000] {manager.py:893} INFO - 
================================================================================
DAG File Processing Stats

File Path                                PID    Runtime      # DAGs    # Errors  Last Runtime    Last Run
---------------------------------------  -----  ---------  --------  ----------  --------------  -------------------
/opt/airflow/dags/data_lake_pipeline.py                           1           0  1.34s           2025-01-14T17:28:36
================================================================================
[2025-01-14T17:29:36.816+0000] {manager.py:893} INFO - 
================================================================================
DAG File Processing Stats

File Path                                PID    Runtime      # DAGs    # Errors  Last Runtime    Last Run
---------------------------------------  -----  ---------  --------  ----------  --------------  -------------------
/opt/airflow/dags/data_lake_pipeline.py                           1           0  1.25s           2025-01-14T17:29:07
================================================================================
[2025-01-14T17:30:06.861+0000] {manager.py:893} INFO - 
================================================================================
DAG File Processing Stats

File Path                                PID    Runtime      # DAGs    # Errors  Last Runtime    Last Run
---------------------------------------  -----  ---------  --------  ----------  --------------  -------------------
/opt/airflow/dags/data_lake_pipeline.py                           1           0  1.66s           2025-01-14T17:29:39
================================================================================
[2025-01-14T17:30:37.021+0000] {manager.py:893} INFO - 
================================================================================
DAG File Processing Stats

File Path                                PID    Runtime      # DAGs    # Errors  Last Runtime    Last Run
---------------------------------------  -----  ---------  --------  ----------  --------------  -------------------
/opt/airflow/dags/data_lake_pipeline.py                           1           0  1.09s           2025-01-14T17:30:10
================================================================================
[2025-01-14T17:31:07.092+0000] {manager.py:893} INFO - 
================================================================================
DAG File Processing Stats

File Path                                PID    Runtime      # DAGs    # Errors  Last Runtime    Last Run
---------------------------------------  -----  ---------  --------  ----------  --------------  -------------------
/opt/airflow/dags/data_lake_pipeline.py                           1           0  0.92s           2025-01-14T17:30:41
================================================================================
[2025-01-14T17:31:37.378+0000] {manager.py:893} INFO - 
================================================================================
DAG File Processing Stats

File Path                                PID    Runtime      # DAGs    # Errors  Last Runtime    Last Run
---------------------------------------  -----  ---------  --------  ----------  --------------  -------------------
/opt/airflow/dags/data_lake_pipeline.py                           1           0  1.20s           2025-01-14T17:31:13
================================================================================
[2025-01-14T17:32:07.579+0000] {manager.py:893} INFO - 
================================================================================
DAG File Processing Stats

File Path                                PID    Runtime      # DAGs    # Errors  Last Runtime    Last Run
---------------------------------------  -----  ---------  --------  ----------  --------------  -------------------
/opt/airflow/dags/data_lake_pipeline.py                           1           0  1.29s           2025-01-14T17:31:44
================================================================================
[2025-01-14T17:32:37.725+0000] {manager.py:893} INFO - 
================================================================================
DAG File Processing Stats

File Path                                PID    Runtime      # DAGs    # Errors  Last Runtime    Last Run
---------------------------------------  -----  ---------  --------  ----------  --------------  -------------------
/opt/airflow/dags/data_lake_pipeline.py                           1           0  0.90s           2025-01-14T17:32:15
================================================================================
[2025-01-14T17:33:07.908+0000] {manager.py:893} INFO - 
================================================================================
DAG File Processing Stats

File Path                                PID    Runtime      # DAGs    # Errors  Last Runtime    Last Run
---------------------------------------  -----  ---------  --------  ----------  --------------  -------------------
/opt/airflow/dags/data_lake_pipeline.py                           1           0  1.08s           2025-01-14T17:32:46
================================================================================
[2025-01-14T17:33:38.113+0000] {manager.py:893} INFO - 
================================================================================
DAG File Processing Stats

File Path                                PID    Runtime      # DAGs    # Errors  Last Runtime    Last Run
---------------------------------------  -----  ---------  --------  ----------  --------------  -------------------
/opt/airflow/dags/data_lake_pipeline.py                           1           0  1.39s           2025-01-14T17:33:18
================================================================================
[2025-01-14T17:34:02.739+0000] {manager.py:759} INFO - Searching for files in /opt/airflow/dags
[2025-01-14T17:34:02.740+0000] {manager.py:762} INFO - There are 1 files in /opt/airflow/dags
[2025-01-14T17:34:08.607+0000] {manager.py:893} INFO - 
================================================================================
DAG File Processing Stats

File Path                                PID    Runtime      # DAGs    # Errors  Last Runtime    Last Run
---------------------------------------  -----  ---------  --------  ----------  --------------  -------------------
/opt/airflow/dags/data_lake_pipeline.py                           1           0  1.18s           2025-01-14T17:33:49
================================================================================
[2025-01-14T17:34:38.937+0000] {manager.py:893} INFO - 
================================================================================
DAG File Processing Stats

File Path                                PID    Runtime      # DAGs    # Errors  Last Runtime    Last Run
---------------------------------------  -----  ---------  --------  ----------  --------------  -------------------
/opt/airflow/dags/data_lake_pipeline.py                           1           0  1.50s           2025-01-14T17:34:21
================================================================================
[2025-01-14T17:35:09.581+0000] {manager.py:893} INFO - 
================================================================================
DAG File Processing Stats

File Path                                PID    Runtime      # DAGs    # Errors  Last Runtime    Last Run
---------------------------------------  -----  ---------  --------  ----------  --------------  -------------------
/opt/airflow/dags/data_lake_pipeline.py                           1           0  1.06s           2025-01-14T17:34:52
================================================================================
[2025-01-14T17:35:39.701+0000] {manager.py:893} INFO - 
================================================================================
DAG File Processing Stats

File Path                                PID    Runtime      # DAGs    # Errors  Last Runtime    Last Run
---------------------------------------  -----  ---------  --------  ----------  --------------  -------------------
/opt/airflow/dags/data_lake_pipeline.py                           1           0  0.97s           2025-01-14T17:35:23
================================================================================
[2025-01-14T17:36:09.885+0000] {manager.py:893} INFO - 
================================================================================
DAG File Processing Stats

File Path                                PID    Runtime      # DAGs    # Errors  Last Runtime    Last Run
---------------------------------------  -----  ---------  --------  ----------  --------------  -------------------
/opt/airflow/dags/data_lake_pipeline.py                           1           0  1.27s           2025-01-14T17:35:55
================================================================================
[2025-01-14T17:36:40.272+0000] {manager.py:893} INFO - 
================================================================================
DAG File Processing Stats

File Path                                PID    Runtime      # DAGs    # Errors  Last Runtime    Last Run
---------------------------------------  -----  ---------  --------  ----------  --------------  -------------------
/opt/airflow/dags/data_lake_pipeline.py                           1           0  1.28s           2025-01-14T17:36:26
================================================================================
[2025-01-14T17:37:10.712+0000] {manager.py:893} INFO - 
================================================================================
DAG File Processing Stats

File Path                                PID    Runtime      # DAGs    # Errors  Last Runtime    Last Run
---------------------------------------  -----  ---------  --------  ----------  --------------  -------------------
/opt/airflow/dags/data_lake_pipeline.py                           1           0  2.03s           2025-01-14T17:36:58
================================================================================
[2025-01-14T17:37:40.789+0000] {manager.py:893} INFO - 
================================================================================
DAG File Processing Stats

File Path                                PID    Runtime      # DAGs    # Errors  Last Runtime    Last Run
---------------------------------------  -----  ---------  --------  ----------  --------------  -------------------
/opt/airflow/dags/data_lake_pipeline.py                           1           0  0.92s           2025-01-14T17:37:29
================================================================================
[2025-01-14T17:38:11.003+0000] {manager.py:893} INFO - 
================================================================================
DAG File Processing Stats

File Path                                PID    Runtime      # DAGs    # Errors  Last Runtime    Last Run
---------------------------------------  -----  ---------  --------  ----------  --------------  -------------------
/opt/airflow/dags/data_lake_pipeline.py                           1           0  1.27s           2025-01-14T17:38:01
================================================================================
[2025-01-14T17:38:41.371+0000] {manager.py:893} INFO - 
================================================================================
DAG File Processing Stats

File Path                                PID    Runtime      # DAGs    # Errors  Last Runtime    Last Run
---------------------------------------  -----  ---------  --------  ----------  --------------  -------------------
/opt/airflow/dags/data_lake_pipeline.py                           1           0  1.03s           2025-01-14T17:38:32
================================================================================
[2025-01-14T17:39:03.492+0000] {manager.py:759} INFO - Searching for files in /opt/airflow/dags
[2025-01-14T17:39:03.494+0000] {manager.py:762} INFO - There are 1 files in /opt/airflow/dags
[2025-01-14T17:39:11.574+0000] {manager.py:893} INFO - 
================================================================================
DAG File Processing Stats

File Path                                PID    Runtime      # DAGs    # Errors  Last Runtime    Last Run
---------------------------------------  -----  ---------  --------  ----------  --------------  -------------------
/opt/airflow/dags/data_lake_pipeline.py                           1           0  1.07s           2025-01-14T17:39:03
================================================================================
[2025-01-14T17:39:41.744+0000] {manager.py:893} INFO - 
================================================================================
DAG File Processing Stats

File Path                                PID    Runtime      # DAGs    # Errors  Last Runtime    Last Run
---------------------------------------  -----  ---------  --------  ----------  --------------  -------------------
/opt/airflow/dags/data_lake_pipeline.py                           1           0  1.04s           2025-01-14T17:39:34
================================================================================
[2025-01-14T17:40:11.917+0000] {manager.py:893} INFO - 
================================================================================
DAG File Processing Stats

File Path                                PID    Runtime      # DAGs    # Errors  Last Runtime    Last Run
---------------------------------------  -----  ---------  --------  ----------  --------------  -------------------
/opt/airflow/dags/data_lake_pipeline.py                           1           0  1.14s           2025-01-14T17:40:06
================================================================================
[2025-01-14T17:40:42.167+0000] {manager.py:893} INFO - 
================================================================================
DAG File Processing Stats

File Path                                PID    Runtime      # DAGs    # Errors  Last Runtime    Last Run
---------------------------------------  -----  ---------  --------  ----------  --------------  -------------------
/opt/airflow/dags/data_lake_pipeline.py                           1           0  1.12s           2025-01-14T17:40:37
================================================================================
[2025-01-14T17:41:12.330+0000] {manager.py:893} INFO - 
================================================================================
DAG File Processing Stats

File Path                                PID    Runtime      # DAGs    # Errors  Last Runtime    Last Run
---------------------------------------  -----  ---------  --------  ----------  --------------  -------------------
/opt/airflow/dags/data_lake_pipeline.py                           1           0  1.10s           2025-01-14T17:41:08
================================================================================
[2025-01-14T17:41:42.364+0000] {manager.py:893} INFO - 
================================================================================
DAG File Processing Stats

File Path                                PID    Runtime      # DAGs    # Errors  Last Runtime    Last Run
---------------------------------------  -----  ---------  --------  ----------  --------------  -------------------
/opt/airflow/dags/data_lake_pipeline.py                           1           0  0.89s           2025-01-14T17:41:39
================================================================================
[2025-01-14T17:42:12.667+0000] {manager.py:893} INFO - 
================================================================================
DAG File Processing Stats

File Path                                PID    Runtime      # DAGs    # Errors  Last Runtime    Last Run
---------------------------------------  -----  ---------  --------  ----------  --------------  -------------------
/opt/airflow/dags/data_lake_pipeline.py                           1           0  0.82s           2025-01-14T17:42:10
================================================================================
[2025-01-14T17:42:43.505+0000] {manager.py:893} INFO - 
================================================================================
DAG File Processing Stats

File Path                                PID    Runtime      # DAGs    # Errors  Last Runtime    Last Run
---------------------------------------  -----  ---------  --------  ----------  --------------  -------------------
/opt/airflow/dags/data_lake_pipeline.py                           1           0  1.06s           2025-01-14T17:42:41
================================================================================
[2025-01-14T17:43:13.745+0000] {manager.py:893} INFO - 
================================================================================
DAG File Processing Stats

File Path                                PID    Runtime      # DAGs    # Errors  Last Runtime    Last Run
---------------------------------------  -----  ---------  --------  ----------  --------------  -------------------
/opt/airflow/dags/data_lake_pipeline.py                           1           0  1.10s           2025-01-14T17:43:12
================================================================================
[2025-01-14T17:43:44.046+0000] {manager.py:893} INFO - 
================================================================================
DAG File Processing Stats

File Path                                  PID  Runtime      # DAGs    # Errors  Last Runtime    Last Run
---------------------------------------  -----  ---------  --------  ----------  --------------  -------------------
/opt/airflow/dags/data_lake_pipeline.py    471  1.03s             1           0  1.10s           2025-01-14T17:43:12
================================================================================
[2025-01-14T17:44:04.311+0000] {manager.py:759} INFO - Searching for files in /opt/airflow/dags
[2025-01-14T17:44:04.318+0000] {manager.py:762} INFO - There are 1 files in /opt/airflow/dags
[2025-01-14T17:44:14.788+0000] {manager.py:893} INFO - 
================================================================================
DAG File Processing Stats

File Path                                PID    Runtime      # DAGs    # Errors  Last Runtime    Last Run
---------------------------------------  -----  ---------  --------  ----------  --------------  -------------------
/opt/airflow/dags/data_lake_pipeline.py                           1           0  5.14s           2025-01-14T17:43:48
================================================================================
[2025-01-14T17:44:45.676+0000] {manager.py:893} INFO - 
================================================================================
DAG File Processing Stats

File Path                                  PID  Runtime      # DAGs    # Errors  Last Runtime    Last Run
---------------------------------------  -----  ---------  --------  ----------  --------------  -------------------
/opt/airflow/dags/data_lake_pipeline.py    490  26.40s            1           0  5.14s           2025-01-14T17:43:48
================================================================================
[2025-01-14T17:45:15.674+0000] {manager.py:893} INFO - 
================================================================================
DAG File Processing Stats

File Path                                PID    Runtime      # DAGs    # Errors  Last Runtime    Last Run
---------------------------------------  -----  ---------  --------  ----------  --------------  -------------------
/opt/airflow/dags/data_lake_pipeline.py                           0           1  34.23s          2025-01-14T17:44:53
================================================================================
[2025-01-14T17:47:05.718+0000] {manager.py:1217} ERROR - Processor for /opt/airflow/dags/data_lake_pipeline.py with PID 501 started at 2025-01-14T17:45:24.113834+00:00 has timed out, killing it.
[2025-01-14T17:47:06.594+0000] {manager.py:893} INFO - 
================================================================================
DAG File Processing Stats

File Path                                PID    Runtime      # DAGs    # Errors  Last Runtime    Last Run
---------------------------------------  -----  ---------  --------  ----------  --------------  -------------------
/opt/airflow/dags/data_lake_pipeline.py                           0           1  101.59s         2025-01-14T17:47:05
================================================================================
[2025-01-14T17:47:37.175+0000] {manager.py:893} INFO - 
================================================================================
DAG File Processing Stats

File Path                                  PID  Runtime      # DAGs    # Errors  Last Runtime    Last Run
---------------------------------------  -----  ---------  --------  ----------  --------------  -------------------
/opt/airflow/dags/data_lake_pipeline.py    549  1.13s             0           1  101.59s         2025-01-14T17:47:05
================================================================================
[2025-01-14T17:48:08.025+0000] {manager.py:893} INFO - 
================================================================================
DAG File Processing Stats

File Path                                  PID  Runtime      # DAGs    # Errors  Last Runtime    Last Run
---------------------------------------  -----  ---------  --------  ----------  --------------  -------------------
/opt/airflow/dags/data_lake_pipeline.py    549  31.93s            0           1  101.59s         2025-01-14T17:47:05
================================================================================
[2025-01-14T17:48:39.190+0000] {manager.py:893} INFO - 
================================================================================
DAG File Processing Stats

File Path                                PID    Runtime      # DAGs    # Errors  Last Runtime    Last Run
---------------------------------------  -----  ---------  --------  ----------  --------------  -------------------
/opt/airflow/dags/data_lake_pipeline.py                           0           1  41.20s          2025-01-14T17:48:17
================================================================================
[2025-01-14T17:49:04.822+0000] {manager.py:759} INFO - Searching for files in /opt/airflow/dags
[2025-01-14T17:49:05.043+0000] {manager.py:762} INFO - There are 1 files in /opt/airflow/dags
[2025-01-14T17:49:09.860+0000] {manager.py:893} INFO - 
================================================================================
DAG File Processing Stats

File Path                                  PID  Runtime      # DAGs    # Errors  Last Runtime    Last Run
---------------------------------------  -----  ---------  --------  ----------  --------------  -------------------
/opt/airflow/dags/data_lake_pipeline.py    747  21.87s            0           1  41.20s          2025-01-14T17:48:17
================================================================================
[2025-01-14T17:49:38.038+0000] {manager.py:1217} ERROR - Processor for /opt/airflow/dags/data_lake_pipeline.py with PID 747 started at 2025-01-14T17:48:47.952981+00:00 has timed out, killing it.
[2025-01-14T17:49:40.793+0000] {manager.py:893} INFO - 
================================================================================
DAG File Processing Stats

File Path                                PID    Runtime      # DAGs    # Errors  Last Runtime    Last Run
---------------------------------------  -----  ---------  --------  ----------  --------------  -------------------
/opt/airflow/dags/data_lake_pipeline.py                           0           1  50.08s          2025-01-14T17:49:38
================================================================================
[2025-01-14T17:50:11.655+0000] {manager.py:893} INFO - 
================================================================================
DAG File Processing Stats

File Path                                  PID  Runtime      # DAGs    # Errors  Last Runtime    Last Run
---------------------------------------  -----  ---------  --------  ----------  --------------  -------------------
/opt/airflow/dags/data_lake_pipeline.py    973  3.17s             0           1  50.08s          2025-01-14T17:49:38
================================================================================
[2025-01-14T17:50:41.894+0000] {manager.py:893} INFO - 
================================================================================
DAG File Processing Stats

File Path                                PID    Runtime      # DAGs    # Errors  Last Runtime    Last Run
---------------------------------------  -----  ---------  --------  ----------  --------------  -------------------
/opt/airflow/dags/data_lake_pipeline.py                           0           1  31.36s          2025-01-14T17:50:39
================================================================================
[2025-01-14T17:50:57.708+0000] {manager.py:469} INFO - Exiting gracefully upon receiving signal 15
[2025-01-14T17:54:02.272+0000] {manager.py:487} INFO - Processing files using up to 2 processes at a time 
[2025-01-14T17:54:02.286+0000] {manager.py:488} INFO - Process each file at most once every 30 seconds
[2025-01-14T17:54:02.292+0000] {manager.py:489} INFO - Checking for new files in /opt/airflow/dags every 300 seconds
[2025-01-14T17:54:02.294+0000] {manager.py:759} INFO - Searching for files in /opt/airflow/dags
[2025-01-14T17:54:02.309+0000] {manager.py:762} INFO - There are 1 files in /opt/airflow/dags
[2025-01-14T17:54:04.128+0000] {manager.py:893} INFO - 
================================================================================
DAG File Processing Stats

File Path                                  PID  Runtime      # DAGs    # Errors  Last Runtime    Last Run
---------------------------------------  -----  ---------  --------  ----------  --------------  ----------
/opt/airflow/dags/data_lake_pipeline.py    175  0.50s             0           0
================================================================================
[2025-01-14T17:54:34.230+0000] {manager.py:893} INFO - 
================================================================================
DAG File Processing Stats

File Path                                PID    Runtime      # DAGs    # Errors  Last Runtime    Last Run
---------------------------------------  -----  ---------  --------  ----------  --------------  -------------------
/opt/airflow/dags/data_lake_pipeline.py                           1           0  17.47s          2025-01-14T17:54:21
================================================================================
[2025-01-14T17:55:04.417+0000] {manager.py:893} INFO - 
================================================================================
DAG File Processing Stats

File Path                                PID    Runtime      # DAGs    # Errors  Last Runtime    Last Run
---------------------------------------  -----  ---------  --------  ----------  --------------  -------------------
/opt/airflow/dags/data_lake_pipeline.py                           1           0  3.03s           2025-01-14T17:54:54
================================================================================
[2025-01-14T17:55:34.738+0000] {manager.py:893} INFO - 
================================================================================
DAG File Processing Stats

File Path                                PID    Runtime      # DAGs    # Errors  Last Runtime    Last Run
---------------------------------------  -----  ---------  --------  ----------  --------------  -------------------
/opt/airflow/dags/data_lake_pipeline.py                           1           0  3.78s           2025-01-14T17:55:28
================================================================================
[2025-01-14T17:56:05.152+0000] {manager.py:893} INFO - 
================================================================================
DAG File Processing Stats

File Path                                  PID  Runtime      # DAGs    # Errors  Last Runtime    Last Run
---------------------------------------  -----  ---------  --------  ----------  --------------  -------------------
/opt/airflow/dags/data_lake_pipeline.py    292  6.09s             1           0  3.78s           2025-01-14T17:55:28
================================================================================
[2025-01-14T17:56:36.189+0000] {manager.py:893} INFO - 
================================================================================
DAG File Processing Stats

File Path                                  PID  Runtime      # DAGs    # Errors  Last Runtime    Last Run
---------------------------------------  -----  ---------  --------  ----------  --------------  -------------------
/opt/airflow/dags/data_lake_pipeline.py    292  37.13s            1           0  3.78s           2025-01-14T17:55:28
================================================================================
[2025-01-14T17:56:49.448+0000] {manager.py:1217} ERROR - Processor for /opt/airflow/dags/data_lake_pipeline.py with PID 292 started at 2025-01-14T17:55:59.036849+00:00 has timed out, killing it.
[2025-01-14T17:57:06.554+0000] {manager.py:893} INFO - 
================================================================================
DAG File Processing Stats

File Path                                PID    Runtime      # DAGs    # Errors  Last Runtime    Last Run
---------------------------------------  -----  ---------  --------  ----------  --------------  -------------------
/opt/airflow/dags/data_lake_pipeline.py                           0           1  50.41s          2025-01-14T17:56:49
================================================================================
[2025-01-14T17:57:36.861+0000] {manager.py:893} INFO - 
================================================================================
DAG File Processing Stats

File Path                                PID    Runtime      # DAGs    # Errors  Last Runtime    Last Run
---------------------------------------  -----  ---------  --------  ----------  --------------  -------------------
/opt/airflow/dags/data_lake_pipeline.py                           1           0  3.43s           2025-01-14T17:57:23
================================================================================
[2025-01-14T17:58:07.546+0000] {manager.py:893} INFO - 
================================================================================
DAG File Processing Stats

File Path                                PID    Runtime      # DAGs    # Errors  Last Runtime    Last Run
---------------------------------------  -----  ---------  --------  ----------  --------------  -------------------
/opt/airflow/dags/data_lake_pipeline.py                           1           0  1.61s           2025-01-14T17:57:55
================================================================================
[2025-01-14T17:58:37.641+0000] {manager.py:893} INFO - 
================================================================================
DAG File Processing Stats

File Path                                PID    Runtime      # DAGs    # Errors  Last Runtime    Last Run
---------------------------------------  -----  ---------  --------  ----------  --------------  -------------------
/opt/airflow/dags/data_lake_pipeline.py                           1           0  1.93s           2025-01-14T17:58:27
================================================================================
[2025-01-14T17:59:02.768+0000] {manager.py:759} INFO - Searching for files in /opt/airflow/dags
[2025-01-14T17:59:02.771+0000] {manager.py:762} INFO - There are 1 files in /opt/airflow/dags
[2025-01-14T17:59:07.825+0000] {manager.py:893} INFO - 
================================================================================
DAG File Processing Stats

File Path                                PID    Runtime      # DAGs    # Errors  Last Runtime    Last Run
---------------------------------------  -----  ---------  --------  ----------  --------------  -------------------
/opt/airflow/dags/data_lake_pipeline.py                           1           0  0.99s           2025-01-14T17:58:58
================================================================================
[2025-01-14T17:59:38.033+0000] {manager.py:893} INFO - 
================================================================================
DAG File Processing Stats

File Path                                PID    Runtime      # DAGs    # Errors  Last Runtime    Last Run
---------------------------------------  -----  ---------  --------  ----------  --------------  -------------------
/opt/airflow/dags/data_lake_pipeline.py                           1           0  1.17s           2025-01-14T17:59:30
================================================================================
[2025-01-14T18:00:08.305+0000] {manager.py:893} INFO - 
================================================================================
DAG File Processing Stats

File Path                                PID    Runtime      # DAGs    # Errors  Last Runtime    Last Run
---------------------------------------  -----  ---------  --------  ----------  --------------  -------------------
/opt/airflow/dags/data_lake_pipeline.py                           1           0  1.25s           2025-01-14T18:00:01
================================================================================
[2025-01-14T18:00:38.623+0000] {manager.py:893} INFO - 
================================================================================
DAG File Processing Stats

File Path                                PID    Runtime      # DAGs    # Errors  Last Runtime    Last Run
---------------------------------------  -----  ---------  --------  ----------  --------------  -------------------
/opt/airflow/dags/data_lake_pipeline.py                           1           0  1.14s           2025-01-14T18:00:32
================================================================================
[2025-01-14T18:01:08.737+0000] {manager.py:893} INFO - 
================================================================================
DAG File Processing Stats

File Path                                PID    Runtime      # DAGs    # Errors  Last Runtime    Last Run
---------------------------------------  -----  ---------  --------  ----------  --------------  -------------------
/opt/airflow/dags/data_lake_pipeline.py                           1           0  0.97s           2025-01-14T18:01:03
================================================================================
[2025-01-14T18:01:38.904+0000] {manager.py:893} INFO - 
================================================================================
DAG File Processing Stats

File Path                                PID    Runtime      # DAGs    # Errors  Last Runtime    Last Run
---------------------------------------  -----  ---------  --------  ----------  --------------  -------------------
/opt/airflow/dags/data_lake_pipeline.py                           1           0  1.15s           2025-01-14T18:01:35
================================================================================
[2025-01-14T18:02:09.070+0000] {manager.py:893} INFO - 
================================================================================
DAG File Processing Stats

File Path                                PID    Runtime      # DAGs    # Errors  Last Runtime    Last Run
---------------------------------------  -----  ---------  --------  ----------  --------------  -------------------
/opt/airflow/dags/data_lake_pipeline.py                           1           0  1.10s           2025-01-14T18:02:06
================================================================================
[2025-01-14T18:02:39.228+0000] {manager.py:893} INFO - 
================================================================================
DAG File Processing Stats

File Path                                PID    Runtime      # DAGs    # Errors  Last Runtime    Last Run
---------------------------------------  -----  ---------  --------  ----------  --------------  -------------------
/opt/airflow/dags/data_lake_pipeline.py                           1           0  1.06s           2025-01-14T18:02:37
================================================================================
[2025-01-14T18:03:09.403+0000] {manager.py:893} INFO - 
================================================================================
DAG File Processing Stats

File Path                                PID    Runtime      # DAGs    # Errors  Last Runtime    Last Run
---------------------------------------  -----  ---------  --------  ----------  --------------  -------------------
/opt/airflow/dags/data_lake_pipeline.py                           1           0  1.17s           2025-01-14T18:03:08
================================================================================
[2025-01-14T18:03:39.549+0000] {manager.py:893} INFO - 
================================================================================
DAG File Processing Stats

File Path                                  PID  Runtime      # DAGs    # Errors  Last Runtime    Last Run
---------------------------------------  -----  ---------  --------  ----------  --------------  -------------------
/opt/airflow/dags/data_lake_pipeline.py    874  0.88s             1           0  1.17s           2025-01-14T18:03:08
================================================================================
[2025-01-14T18:04:03.670+0000] {manager.py:759} INFO - Searching for files in /opt/airflow/dags
[2025-01-14T18:04:03.671+0000] {manager.py:762} INFO - There are 1 files in /opt/airflow/dags
[2025-01-14T18:04:09.720+0000] {manager.py:893} INFO - 
================================================================================
DAG File Processing Stats

File Path                                  PID  Runtime      # DAGs    # Errors  Last Runtime    Last Run
---------------------------------------  -----  ---------  --------  ----------  --------------  -------------------
/opt/airflow/dags/data_lake_pipeline.py    882  0.01s             1           0  1.01s           2025-01-14T18:03:39
================================================================================
[2025-01-14T18:04:39.915+0000] {manager.py:893} INFO - 
================================================================================
DAG File Processing Stats

File Path                                PID    Runtime      # DAGs    # Errors  Last Runtime    Last Run
---------------------------------------  -----  ---------  --------  ----------  --------------  -------------------
/opt/airflow/dags/data_lake_pipeline.py                           1           0  0.86s           2025-01-14T18:04:10
================================================================================
[2025-01-14T18:05:10.079+0000] {manager.py:893} INFO - 
================================================================================
DAG File Processing Stats

File Path                                PID    Runtime      # DAGs    # Errors  Last Runtime    Last Run
---------------------------------------  -----  ---------  --------  ----------  --------------  -------------------
/opt/airflow/dags/data_lake_pipeline.py                           1           0  0.93s           2025-01-14T18:04:41
================================================================================
[2025-01-14T18:05:40.419+0000] {manager.py:893} INFO - 
================================================================================
DAG File Processing Stats

File Path                                PID    Runtime      # DAGs    # Errors  Last Runtime    Last Run
---------------------------------------  -----  ---------  --------  ----------  --------------  -------------------
/opt/airflow/dags/data_lake_pipeline.py                           1           0  1.71s           2025-01-14T18:05:13
================================================================================
[2025-01-14T18:06:10.653+0000] {manager.py:893} INFO - 
================================================================================
DAG File Processing Stats

File Path                                PID    Runtime      # DAGs    # Errors  Last Runtime    Last Run
---------------------------------------  -----  ---------  --------  ----------  --------------  -------------------
/opt/airflow/dags/data_lake_pipeline.py                           1           0  2.73s           2025-01-14T18:05:46
================================================================================
[2025-01-14T18:06:40.938+0000] {manager.py:893} INFO - 
================================================================================
DAG File Processing Stats

File Path                                PID    Runtime      # DAGs    # Errors  Last Runtime    Last Run
---------------------------------------  -----  ---------  --------  ----------  --------------  -------------------
/opt/airflow/dags/data_lake_pipeline.py                           1           0  1.23s           2025-01-14T18:06:17
================================================================================
[2025-01-14T18:07:11.266+0000] {manager.py:893} INFO - 
================================================================================
DAG File Processing Stats

File Path                                PID    Runtime      # DAGs    # Errors  Last Runtime    Last Run
---------------------------------------  -----  ---------  --------  ----------  --------------  -------------------
/opt/airflow/dags/data_lake_pipeline.py                           1           0  1.69s           2025-01-14T18:06:49
================================================================================
[2025-01-14T18:07:42.026+0000] {manager.py:893} INFO - 
================================================================================
DAG File Processing Stats

File Path                                PID    Runtime      # DAGs    # Errors  Last Runtime    Last Run
---------------------------------------  -----  ---------  --------  ----------  --------------  -------------------
/opt/airflow/dags/data_lake_pipeline.py                           1           0  1.20s           2025-01-14T18:07:21
================================================================================
[2025-01-14T18:08:12.250+0000] {manager.py:893} INFO - 
================================================================================
DAG File Processing Stats

File Path                                PID    Runtime      # DAGs    # Errors  Last Runtime    Last Run
---------------------------------------  -----  ---------  --------  ----------  --------------  -------------------
/opt/airflow/dags/data_lake_pipeline.py                           1           0  1.10s           2025-01-14T18:07:52
================================================================================
[2025-01-14T18:08:42.641+0000] {manager.py:893} INFO - 
================================================================================
DAG File Processing Stats

File Path                                PID    Runtime      # DAGs    # Errors  Last Runtime    Last Run
---------------------------------------  -----  ---------  --------  ----------  --------------  -------------------
/opt/airflow/dags/data_lake_pipeline.py                           1           0  7.49s           2025-01-14T18:08:29
================================================================================
[2025-01-14T18:09:04.129+0000] {manager.py:759} INFO - Searching for files in /opt/airflow/dags
[2025-01-14T18:09:04.132+0000] {manager.py:762} INFO - There are 1 files in /opt/airflow/dags
[2025-01-14T18:09:13.226+0000] {manager.py:893} INFO - 
================================================================================
DAG File Processing Stats

File Path                                PID    Runtime      # DAGs    # Errors  Last Runtime    Last Run
---------------------------------------  -----  ---------  --------  ----------  --------------  -------------------
/opt/airflow/dags/data_lake_pipeline.py                           1           0  1.41s           2025-01-14T18:09:01
================================================================================
[2025-01-14T18:09:43.448+0000] {manager.py:893} INFO - 
================================================================================
DAG File Processing Stats

File Path                                PID    Runtime      # DAGs    # Errors  Last Runtime    Last Run
---------------------------------------  -----  ---------  --------  ----------  --------------  -------------------
/opt/airflow/dags/data_lake_pipeline.py                           1           0  1.77s           2025-01-14T18:09:33
================================================================================
[2025-01-14T18:10:13.706+0000] {manager.py:893} INFO - 
================================================================================
DAG File Processing Stats

File Path                                PID    Runtime      # DAGs    # Errors  Last Runtime    Last Run
---------------------------------------  -----  ---------  --------  ----------  --------------  -------------------
/opt/airflow/dags/data_lake_pipeline.py                           1           0  1.10s           2025-01-14T18:10:04
================================================================================
[2025-01-14T18:10:43.829+0000] {manager.py:893} INFO - 
================================================================================
DAG File Processing Stats

File Path                                PID    Runtime      # DAGs    # Errors  Last Runtime    Last Run
---------------------------------------  -----  ---------  --------  ----------  --------------  -------------------
/opt/airflow/dags/data_lake_pipeline.py                           1           0  5.66s           2025-01-14T18:10:40
================================================================================
[2025-01-14T18:11:14.141+0000] {manager.py:893} INFO - 
================================================================================
DAG File Processing Stats

File Path                                PID    Runtime      # DAGs    # Errors  Last Runtime    Last Run
---------------------------------------  -----  ---------  --------  ----------  --------------  -------------------
/opt/airflow/dags/data_lake_pipeline.py                           1           0  1.92s           2025-01-14T18:11:12
================================================================================
[2025-01-14T18:11:28.644+0000] {manager.py:469} INFO - Exiting gracefully upon receiving signal 15
[2025-01-14T18:14:00.370+0000] {manager.py:487} INFO - Processing files using up to 2 processes at a time 
[2025-01-14T18:14:00.374+0000] {manager.py:488} INFO - Process each file at most once every 30 seconds
[2025-01-14T18:14:00.375+0000] {manager.py:489} INFO - Checking for new files in /opt/airflow/dags every 300 seconds
[2025-01-14T18:14:00.377+0000] {manager.py:759} INFO - Searching for files in /opt/airflow/dags
[2025-01-14T18:14:00.392+0000] {manager.py:762} INFO - There are 1 files in /opt/airflow/dags
[2025-01-14T18:14:01.415+0000] {manager.py:893} INFO - 
================================================================================
DAG File Processing Stats

File Path                                  PID  Runtime      # DAGs    # Errors  Last Runtime    Last Run
---------------------------------------  -----  ---------  --------  ----------  --------------  ----------
/opt/airflow/dags/data_lake_pipeline.py    174  0.49s             0           0
================================================================================
[2025-01-14T18:14:32.235+0000] {manager.py:893} INFO - 
================================================================================
DAG File Processing Stats

File Path                                PID    Runtime      # DAGs    # Errors  Last Runtime    Last Run
---------------------------------------  -----  ---------  --------  ----------  --------------  -------------------
/opt/airflow/dags/data_lake_pipeline.py                           1           0  7.22s           2025-01-14T18:14:08
================================================================================
[2025-01-14T18:15:02.272+0000] {manager.py:893} INFO - 
================================================================================
DAG File Processing Stats

File Path                                PID    Runtime      # DAGs    # Errors  Last Runtime    Last Run
---------------------------------------  -----  ---------  --------  ----------  --------------  -------------------
/opt/airflow/dags/data_lake_pipeline.py                           1           0  1.81s           2025-01-14T18:14:40
================================================================================
[2025-01-14T18:15:32.637+0000] {manager.py:893} INFO - 
================================================================================
DAG File Processing Stats

File Path                                PID    Runtime      # DAGs    # Errors  Last Runtime    Last Run
---------------------------------------  -----  ---------  --------  ----------  --------------  -------------------
/opt/airflow/dags/data_lake_pipeline.py                           1           0  1.35s           2025-01-14T18:15:11
================================================================================
[2025-01-14T18:16:02.800+0000] {manager.py:893} INFO - 
================================================================================
DAG File Processing Stats

File Path                                PID    Runtime      # DAGs    # Errors  Last Runtime    Last Run
---------------------------------------  -----  ---------  --------  ----------  --------------  -------------------
/opt/airflow/dags/data_lake_pipeline.py                           1           0  1.13s           2025-01-14T18:15:42
================================================================================
[2025-01-14T18:16:33.045+0000] {manager.py:893} INFO - 
================================================================================
DAG File Processing Stats

File Path                                PID    Runtime      # DAGs    # Errors  Last Runtime    Last Run
---------------------------------------  -----  ---------  --------  ----------  --------------  -------------------
/opt/airflow/dags/data_lake_pipeline.py                           1           0  1.15s           2025-01-14T18:16:14
================================================================================
[2025-01-14T18:17:03.250+0000] {manager.py:893} INFO - 
================================================================================
DAG File Processing Stats

File Path                                PID    Runtime      # DAGs    # Errors  Last Runtime    Last Run
---------------------------------------  -----  ---------  --------  ----------  --------------  -------------------
/opt/airflow/dags/data_lake_pipeline.py                           1           0  1.24s           2025-01-14T18:16:45
================================================================================
[2025-01-14T18:17:33.590+0000] {manager.py:893} INFO - 
================================================================================
DAG File Processing Stats

File Path                                PID    Runtime      # DAGs    # Errors  Last Runtime    Last Run
---------------------------------------  -----  ---------  --------  ----------  --------------  -------------------
/opt/airflow/dags/data_lake_pipeline.py                           1           0  1.06s           2025-01-14T18:17:16
================================================================================
[2025-01-14T18:18:03.745+0000] {manager.py:893} INFO - 
================================================================================
DAG File Processing Stats

File Path                                PID    Runtime      # DAGs    # Errors  Last Runtime    Last Run
---------------------------------------  -----  ---------  --------  ----------  --------------  -------------------
/opt/airflow/dags/data_lake_pipeline.py                           1           0  1.00s           2025-01-14T18:17:47
================================================================================
[2025-01-14T18:18:33.783+0000] {manager.py:893} INFO - 
================================================================================
DAG File Processing Stats

File Path                                PID    Runtime      # DAGs    # Errors  Last Runtime    Last Run
---------------------------------------  -----  ---------  --------  ----------  --------------  -------------------
/opt/airflow/dags/data_lake_pipeline.py                           1           0  0.89s           2025-01-14T18:18:18
================================================================================
[2025-01-14T18:19:01.022+0000] {manager.py:759} INFO - Searching for files in /opt/airflow/dags
[2025-01-14T18:19:01.024+0000] {manager.py:762} INFO - There are 1 files in /opt/airflow/dags
[2025-01-14T18:19:04.062+0000] {manager.py:893} INFO - 
================================================================================
DAG File Processing Stats

File Path                                PID    Runtime      # DAGs    # Errors  Last Runtime    Last Run
---------------------------------------  -----  ---------  --------  ----------  --------------  -------------------
/opt/airflow/dags/data_lake_pipeline.py                           1           0  1.24s           2025-01-14T18:18:50
================================================================================
[2025-01-14T18:19:34.132+0000] {manager.py:893} INFO - 
================================================================================
DAG File Processing Stats

File Path                                PID    Runtime      # DAGs    # Errors  Last Runtime    Last Run
---------------------------------------  -----  ---------  --------  ----------  --------------  -------------------
/opt/airflow/dags/data_lake_pipeline.py                           1           0  0.93s           2025-01-14T18:19:21
================================================================================
[2025-01-14T18:20:04.304+0000] {manager.py:893} INFO - 
================================================================================
DAG File Processing Stats

File Path                                PID    Runtime      # DAGs    # Errors  Last Runtime    Last Run
---------------------------------------  -----  ---------  --------  ----------  --------------  -------------------
/opt/airflow/dags/data_lake_pipeline.py                           1           0  1.08s           2025-01-14T18:19:52
================================================================================
[2025-01-14T18:20:34.355+0000] {manager.py:893} INFO - 
================================================================================
DAG File Processing Stats

File Path                                PID    Runtime      # DAGs    # Errors  Last Runtime    Last Run
---------------------------------------  -----  ---------  --------  ----------  --------------  -------------------
/opt/airflow/dags/data_lake_pipeline.py                           1           0  0.90s           2025-01-14T18:20:23
================================================================================
[2025-01-14T18:21:04.510+0000] {manager.py:893} INFO - 
================================================================================
DAG File Processing Stats

File Path                                PID    Runtime      # DAGs    # Errors  Last Runtime    Last Run
---------------------------------------  -----  ---------  --------  ----------  --------------  -------------------
/opt/airflow/dags/data_lake_pipeline.py                           1           0  1.05s           2025-01-14T18:20:54
================================================================================
[2025-01-14T18:21:34.611+0000] {manager.py:893} INFO - 
================================================================================
DAG File Processing Stats

File Path                                PID    Runtime      # DAGs    # Errors  Last Runtime    Last Run
---------------------------------------  -----  ---------  --------  ----------  --------------  -------------------
/opt/airflow/dags/data_lake_pipeline.py                           1           0  0.95s           2025-01-14T18:21:25
================================================================================
[2025-01-14T18:22:04.674+0000] {manager.py:893} INFO - 
================================================================================
DAG File Processing Stats

File Path                                PID    Runtime      # DAGs    # Errors  Last Runtime    Last Run
---------------------------------------  -----  ---------  --------  ----------  --------------  -------------------
/opt/airflow/dags/data_lake_pipeline.py                           1           0  0.90s           2025-01-14T18:21:56
================================================================================
[2025-01-14T18:22:34.710+0000] {manager.py:893} INFO - 
================================================================================
DAG File Processing Stats

File Path                                PID    Runtime      # DAGs    # Errors  Last Runtime    Last Run
---------------------------------------  -----  ---------  --------  ----------  --------------  -------------------
/opt/airflow/dags/data_lake_pipeline.py                           1           0  1.89s           2025-01-14T18:22:28
================================================================================
[2025-01-14T18:23:05.074+0000] {manager.py:893} INFO - 
================================================================================
DAG File Processing Stats

File Path                                PID    Runtime      # DAGs    # Errors  Last Runtime    Last Run
---------------------------------------  -----  ---------  --------  ----------  --------------  -------------------
/opt/airflow/dags/data_lake_pipeline.py                           1           0  1.25s           2025-01-14T18:23:00
================================================================================
[2025-01-14T18:23:35.225+0000] {manager.py:893} INFO - 
================================================================================
DAG File Processing Stats

File Path                                PID    Runtime      # DAGs    # Errors  Last Runtime    Last Run
---------------------------------------  -----  ---------  --------  ----------  --------------  -------------------
/opt/airflow/dags/data_lake_pipeline.py                           1           0  0.78s           2025-01-14T18:23:30
================================================================================
[2025-01-14T18:24:01.117+0000] {manager.py:759} INFO - Searching for files in /opt/airflow/dags
[2025-01-14T18:24:01.118+0000] {manager.py:762} INFO - There are 1 files in /opt/airflow/dags
[2025-01-14T18:24:05.352+0000] {manager.py:893} INFO - 
================================================================================
DAG File Processing Stats

File Path                                PID    Runtime      # DAGs    # Errors  Last Runtime    Last Run
---------------------------------------  -----  ---------  --------  ----------  --------------  -------------------
/opt/airflow/dags/data_lake_pipeline.py                           1           0  0.97s           2025-01-14T18:24:02
================================================================================
[2025-01-14T18:24:35.476+0000] {manager.py:893} INFO - 
================================================================================
DAG File Processing Stats

File Path                                PID    Runtime      # DAGs    # Errors  Last Runtime    Last Run
---------------------------------------  -----  ---------  --------  ----------  --------------  -------------------
/opt/airflow/dags/data_lake_pipeline.py                           1           0  0.90s           2025-01-14T18:24:33
================================================================================
[2025-01-14T18:25:06.313+0000] {manager.py:893} INFO - 
================================================================================
DAG File Processing Stats

File Path                                PID    Runtime      # DAGs    # Errors  Last Runtime    Last Run
---------------------------------------  -----  ---------  --------  ----------  --------------  -------------------
/opt/airflow/dags/data_lake_pipeline.py                           1           0  1.05s           2025-01-14T18:25:04
================================================================================
[2025-01-14T18:25:36.361+0000] {manager.py:893} INFO - 
================================================================================
DAG File Processing Stats

File Path                                PID    Runtime      # DAGs    # Errors  Last Runtime    Last Run
---------------------------------------  -----  ---------  --------  ----------  --------------  -------------------
/opt/airflow/dags/data_lake_pipeline.py                           1           0  0.91s           2025-01-14T18:25:35
================================================================================
[2025-01-14T18:26:06.734+0000] {manager.py:893} INFO - 
================================================================================
DAG File Processing Stats

File Path                                  PID  Runtime      # DAGs    # Errors  Last Runtime    Last Run
---------------------------------------  -----  ---------  --------  ----------  --------------  -------------------
/opt/airflow/dags/data_lake_pipeline.py    362  1.06s             1           0  0.91s           2025-01-14T18:25:35
================================================================================
[2025-01-14T18:26:36.755+0000] {manager.py:893} INFO - 
================================================================================
DAG File Processing Stats

File Path                                PID    Runtime      # DAGs    # Errors  Last Runtime    Last Run
---------------------------------------  -----  ---------  --------  ----------  --------------  -------------------
/opt/airflow/dags/data_lake_pipeline.py                           1           0  5.78s           2025-01-14T18:26:11
================================================================================
[2025-01-14T18:27:06.942+0000] {manager.py:893} INFO - 
================================================================================
DAG File Processing Stats

File Path                                PID    Runtime      # DAGs    # Errors  Last Runtime    Last Run
---------------------------------------  -----  ---------  --------  ----------  --------------  -------------------
/opt/airflow/dags/data_lake_pipeline.py                           1           0  3.96s           2025-01-14T18:26:45
================================================================================
[2025-01-14T18:27:37.263+0000] {manager.py:893} INFO - 
================================================================================
DAG File Processing Stats

File Path                                PID    Runtime      # DAGs    # Errors  Last Runtime    Last Run
---------------------------------------  -----  ---------  --------  ----------  --------------  -------------------
/opt/airflow/dags/data_lake_pipeline.py                           1           0  4.21s           2025-01-14T18:27:20
================================================================================
[2025-01-14T18:28:07.599+0000] {manager.py:893} INFO - 
================================================================================
DAG File Processing Stats

File Path                                PID    Runtime      # DAGs    # Errors  Last Runtime    Last Run
---------------------------------------  -----  ---------  --------  ----------  --------------  -------------------
/opt/airflow/dags/data_lake_pipeline.py                           1           0  3.39s           2025-01-14T18:27:53
================================================================================
[2025-01-14T18:28:37.782+0000] {manager.py:893} INFO - 
================================================================================
DAG File Processing Stats

File Path                                PID    Runtime      # DAGs    # Errors  Last Runtime    Last Run
---------------------------------------  -----  ---------  --------  ----------  --------------  -------------------
/opt/airflow/dags/data_lake_pipeline.py                           1           0  1.70s           2025-01-14T18:28:25
================================================================================
[2025-01-14T18:29:01.219+0000] {manager.py:759} INFO - Searching for files in /opt/airflow/dags
[2025-01-14T18:29:01.220+0000] {manager.py:762} INFO - There are 1 files in /opt/airflow/dags
[2025-01-14T18:29:07.984+0000] {manager.py:893} INFO - 
================================================================================
DAG File Processing Stats

File Path                                PID    Runtime      # DAGs    # Errors  Last Runtime    Last Run
---------------------------------------  -----  ---------  --------  ----------  --------------  -------------------
/opt/airflow/dags/data_lake_pipeline.py                           1           0  0.98s           2025-01-14T18:28:56
================================================================================
[2025-01-14T18:29:38.188+0000] {manager.py:893} INFO - 
================================================================================
DAG File Processing Stats

File Path                                PID    Runtime      # DAGs    # Errors  Last Runtime    Last Run
---------------------------------------  -----  ---------  --------  ----------  --------------  -------------------
/opt/airflow/dags/data_lake_pipeline.py                           1           0  1.24s           2025-01-14T18:29:28
================================================================================
[2025-01-14T18:30:08.568+0000] {manager.py:893} INFO - 
================================================================================
DAG File Processing Stats

File Path                                PID    Runtime      # DAGs    # Errors  Last Runtime    Last Run
---------------------------------------  -----  ---------  --------  ----------  --------------  -------------------
/opt/airflow/dags/data_lake_pipeline.py                           1           0  1.02s           2025-01-14T18:29:59
================================================================================
[2025-01-14T18:30:38.857+0000] {manager.py:893} INFO - 
================================================================================
DAG File Processing Stats

File Path                                PID    Runtime      # DAGs    # Errors  Last Runtime    Last Run
---------------------------------------  -----  ---------  --------  ----------  --------------  -------------------
/opt/airflow/dags/data_lake_pipeline.py                           1           0  3.49s           2025-01-14T18:30:33
================================================================================
[2025-01-14T18:31:09.048+0000] {manager.py:893} INFO - 
================================================================================
DAG File Processing Stats

File Path                                PID    Runtime      # DAGs    # Errors  Last Runtime    Last Run
---------------------------------------  -----  ---------  --------  ----------  --------------  -------------------
/opt/airflow/dags/data_lake_pipeline.py                           1           0  1.62s           2025-01-14T18:31:05
================================================================================
[2025-01-14T18:31:39.242+0000] {manager.py:893} INFO - 
================================================================================
DAG File Processing Stats

File Path                                PID    Runtime      # DAGs    # Errors  Last Runtime    Last Run
---------------------------------------  -----  ---------  --------  ----------  --------------  -------------------
/opt/airflow/dags/data_lake_pipeline.py                           1           0  1.10s           2025-01-14T18:31:36
================================================================================
[2025-01-14T18:32:09.507+0000] {manager.py:893} INFO - 
================================================================================
DAG File Processing Stats

File Path                                PID    Runtime      # DAGs    # Errors  Last Runtime    Last Run
---------------------------------------  -----  ---------  --------  ----------  --------------  -------------------
/opt/airflow/dags/data_lake_pipeline.py                           1           0  1.51s           2025-01-14T18:32:07
================================================================================
[2025-01-14T18:32:10.947+0000] {manager.py:469} INFO - Exiting gracefully upon receiving signal 15
